NUMBER; DRIVER_NUMBER; LAP_NUMBER; LAP_TIME; LAP_IMPROVEMENT; CROSSING_FINISH_LINE_IN_PIT; S1; S1_IMPROVEMENT; S2; S2_IMPROVEMENT; S3; S3_IMPROVEMENT; KPH; ELAPSED; HOUR;S1_LARGE;S2_LARGE;S3_LARGE;TOP_SPEED;DRIVER_NAME;PIT_TIME;CLASS;GROUP;TEAM;MANUFACTURER;
10;1;1;52:42.765;0;;51:45.390;0;35.263;0;22.112;0;6.5;52:42.765;16:47:42.765;51:45.390;0:35.263;0:22.112;267.6;Renger Van Der Zande;0:50:43.837;P;;Konica Minolta Cadillac DPi-V.R;Cadillac;
10;1;2;1:45.955;0;;56.607;0;29.247;0;20.101;0;194.7;54:28.720;16:49:28.720;0:56.607;0:29.247;0:20.101;305.5;Renger Van Der Zande;;P;;Konica Minolta Cadillac DPi-V.R;Cadillac;
10;1;3;1:38.905;0;;52.149;0;26.794;0;19.962;0;208.5;56:07.625;16:51:07.625;0:52.149;0:26.794;0:19.962;305.5;Renger Van Der Zande;;P;;Konica Minolta Cadillac DPi-V.R;Cadillac;
10;1;4;1:37.181;0;;50.780;0;26.502;0;19.899;0;212.2;57:44.806;16:52:44.806;0:50.780;0:26.502;0:19.899;308.3;Renger Van Der Zande;;P;;Konica Minolta Cadillac DPi-V.R;Cadillac;
10;1;5;1:36.975;0;;50.728;0;26.404;0;19.843;0;212.7;59:21.781;16:54:21.781;0:50.728;0:26.404;0:19.843;307.6;Renger Van Der Zande;;P;;Konica Minolta Cadillac DPi-V.R;Cadillac;
10;1;6;1:37.053;0;;50.447;0;26.598;0;20.008;0;212.5;1:00:58.834;16:55:58.834;0:50.447;0:26.598;0:20.008;309.8;Renger Van Der Zande;;P;;Konica Minolta Cadillac DPi-V.R;Cadillac;
10;1;7;1:47.750;0;;1:01.350;0;26.528;0;19.872;0;191.4;1:02:46.584;16:57:46.584;1:01.350;0:26.528;0:19.872;308.3;Renger Van Der Zande;;P;;Konica Minolta Cadillac DPi-V.R;Cadillac;
10;1;8;1:36.401;0;;50.304;0;26.253;0;19.844;0;213.9;1:04:22.985;16:59:22.985;0:50.304;0:26.253;0:19.844;307.6;Renger Van Der Zande;;P;;Konica Minolta Cadillac DPi-V.R;Cadillac;
10;1;9;1:36.083;3;;50.119;3;26.161;2;19.803;2;214.7;1:05:59.068;17:00:59.068;0:50.119;0:26.161;0:19.803;307.6;Renger Van Der Zande;;P;;Konica Minolta Cadillac DPi-V.R;Cadillac;
11;1;1;3:58.204;0;;3:03.914;0;32.142;0;22.148;0;86.6;3:58.204;15:58:58.204;3:03.914;0:32.142;0:22.148;285.0;Mirko Bortolotti;0:02:11.075;GTD;;GRT Grasser Racing Team;Lamborghini;
11;1;2;1:50.703;0;;57.724;0;31.018;0;21.961;0;186.3;5:48.907;16:00:48.907;0:57.724;0:31.018;0:21.961;287.4;Mirko Bortolotti;;GTD;;GRT Grasser Racing Team;Lamborghini;
11;1;3;1:51.639;0;;56.496;0;33.253;0;21.890;0;184.7;7:40.546;16:02:40.546;0:56.496;0:33.253;0:21.890;286.2;Mirko Bortolotti;;GTD;;GRT Grasser Racing Team;Lamborghini;
11;1;4;1:47.206;0;;55.707;0;29.697;0;21.802;0;192.4;9:27.752;16:04:27.752;0:55.707;0:29.697;0:21.802;287.4;Mirko Bortolotti;;GTD;;GRT Grasser Racing Team;Lamborghini;
11;1;5;1:46.898;0;;55.464;0;29.589;0;21.845;0;192.9;11:14.650;16:06:14.650;0:55.464;0:29.589;0:21.845;286.8;Mirko Bortolotti;;GTD;;GRT Grasser Racing Team;Lamborghini;
11;1;6;1:46.914;0;;55.522;0;29.628;0;21.764;0;192.9;13:01.564;16:08:01.564;0:55.522;0:29.628;0:21.764;288.1;Mirko Bortolotti;;GTD;;GRT Grasser Racing Team;Lamborghini;
11;1;7;1:46.727;0;;55.411;2;29.541;0;21.775;0;193.2;14:48.291;16:09:48.291;0:55.411;0:29.541;0:21.775;287.4;Mirko Bortolotti;;GTD;;GRT Grasser Racing Team;Lamborghini;
11;1;8;1:46.658;2;;55.412;0;29.501;2;21.745;2;193.4;16:34.949;16:11:34.949;0:55.412;0:29.501;0:21.745;287.4;Mirko Bortolotti;;GTD;;GRT Grasser Racing Team;Lamborghini;
14;0;1;3:14.044;0;;2:18.578;0;32.891;0;22.575;0;106.3;3:14.044;15:58:14.044;2:18.578;0:32.891;0:22.575;278.3;Dominik Baumann;0:01:23.603;GTD;;3GT Racing;Lexus;
14;0;2;1:52.151;0;;59.452;0;30.462;0;22.237;0;183.9;5:06.195;16:00:06.195;0:59.452;0:30.462;0:22.237;280.1;Dominik Baumann;;GTD;;3GT Racing;Lexus;
14;0;3;1:47.800;0;;55.795;0;29.822;0;22.183;0;191.3;6:53.995;16:01:53.995;0:55.795;0:29.822;0:22.183;280.1;Dominik Baumann;;GTD;;3GT Racing;Lexus;
14;0;4;1:47.236;0;;55.606;0;29.616;2;22.014;0;192.3;8:41.231;16:03:41.231;0:55.606;0:29.616;0:22.014;281.3;Dominik Baumann;;GTD;;3GT Racing;Lexus;
14;0;5;1:51.280;0;;55.945;0;33.174;0;22.161;0;185.3;10:32.511;16:05:32.511;0:55.945;0:33.174;0:22.161;280.7;Dominik Baumann;;GTD;;3GT Racing;Lexus;
14;0;6;1:50.671;0;;56.026;0;32.674;0;21.971;2;186.4;12:23.182;16:07:23.182;0:56.026;0:32.674;0:21.971;282.5;Dominik Baumann;;GTD;;3GT Racing;Lexus;
14;0;7;1:48.960;0;;57.125;0;29.792;0;22.043;0;189.3;14:12.142;16:09:12.142;0:57.125;0:29.792;0:22.043;281.9;Dominik Baumann;;GTD;;3GT Racing;Lexus;
14;0;8;1:47.186;2;;55.422;2;29.789;0;21.975;0;192.4;15:59.328;16:10:59.328;0:55.422;0:29.789;0:21.975;281.9;Dominik Baumann;;GTD;;3GT Racing;Lexus;
15;0;1;2:57.560;0;;2:01.858;0;32.993;0;22.709;0;116.2;2:57.560;15:57:57.560;2:01.858;0:32.993;0:22.709;274.8;Jack Hawksworth;0:00:52.843;GTD;;3GT Racing;Lexus;
15;0;2;1:54.334;0;;1:01.714;0;30.406;0;22.214;0;180.4;4:51.894;15:59:51.894;1:01.714;0:30.406;0:22.214;280.1;Jack Hawksworth;;GTD;;3GT Racing;Lexus;
15;0;3;1:50.053;0;;55.674;0;31.851;0;22.528;0;187.4;6:41.947;16:01:41.947;0:55.674;0:31.851;0:22.528;279.5;Jack Hawksworth;;GTD;;3GT Racing;Lexus;
15;0;4;1:47.244;0;;55.459;0;29.675;0;22.110;0;192.3;8:29.191;16:03:29.191;0:55.459;0:29.675;0:22.110;280.7;Jack Hawksworth;;GTD;;3GT Racing;Lexus;
15;0;5;1:46.914;0;;55.417;0;29.380;0;22.117;0;192.9;10:16.105;16:05:16.105;0:55.417;0:29.380;0:22.117;280.1;Jack Hawksworth;;GTD;;3GT Racing;Lexus;
15;0;6;1:46.714;2;;55.362;2;29.329;2;22.023;2;193.3;12:02.819;16:07:02.819;0:55.362;0:29.329;0:22.023;281.3;Jack Hawksworth;;GTD;;3GT Racing;Lexus;
19;3;1;2:53.824;0;;1:55.254;0;35.137;0;23.433;0;118.7;2:53.824;15:57:53.824;1:55.254;0:35.137;0:23.433;273.1;Christopher Lenz;0:00:54.100;GTD;;GRT Grasser Racing Team;Lamborghini;
19;3;2;1:54.594;0;;1:00.403;0;31.841;0;22.350;0;180.0;4:48.418;15:59:48.418;1:00.403;0:31.841;0:22.350;282.5;Christopher Lenz;;GTD;;GRT Grasser Racing Team;Lamborghini;
19;3;3;1:54.619;0;;58.815;0;32.154;0;23.650;0;179.9;6:43.037;16:01:43.037;0:58.815;0:32.154;0:23.650;267.0;Christopher Lenz;;GTD;;GRT Grasser Racing Team;Lamborghini;
19;3;4;1:53.807;0;;59.515;0;32.147;0;22.145;0;181.2;8:36.844;16:03:36.844;0:59.515;0:32.147;0:22.145;285.0;Christopher Lenz;;GTD;;GRT Grasser Racing Team;Lamborghini;
19;3;5;1:52.944;0;;59.035;0;31.636;0;22.273;0;182.6;10:29.788;16:05:29.788;0:59.035;0:31.636;0:22.273;284.3;Christopher Lenz;;GTD;;GRT Grasser Racing Team;Lamborghini;
19;3;6;1:51.531;2;;58.471;2;30.949;2;22.111;2;184.9;12:21.319;16:07:21.319;0:58.471;0:30.949;0:22.111;286.2;Christopher Lenz;;GTD;;GRT Grasser Racing Team;Lamborghini;
19;3;7;1:58.036;0;;1:01.559;0;31.732;0;24.745;0;174.7;14:19.355;16:09:19.355;1:01.559;0:31.732;0:24.745;274.8;Christopher Lenz;;GTD;;GRT Grasser Racing Team;Lamborghini;
19;3;8;1:52.508;0;;58.829;0;31.445;0;22.234;0;183.3;16:11.863;16:11:11.863;0:58.829;0:31.445;0:22.234;284.3;Christopher Lenz;;GTD;;GRT Grasser Racing Team;Lamborghini;
20;2;1;52:43.109;0;;51:46.767;0;35.356;0;20.986;0;6.5;52:43.109;16:47:43.109;51:46.767;0:35.356;0:20.986;295.2;Alex Popow Karaha;0:50:42.830;P;;BAR1 Motorsports;Multimatic/Riley;
20;2;2;1:47.397;0;;57.496;0;29.106;0;20.795;0;192.0;54:30.506;16:49:30.506;0:57.496;0:29.106;0:20.795;298.5;Alex Popow Karaha;;P;;BAR1 Motorsports;Multimatic/Riley;
20;2;3;1:43.563;0;;54.669;0;28.302;0;20.592;0;199.1;56:14.069;16:51:14.069;0:54.669;0:28.302;0:20.592;298.5;Alex Popow Karaha;;P;;BAR1 Motorsports;Multimatic/Riley;
20;2;4;1:42.521;0;;53.467;0;28.348;0;20.706;0;201.2;57:56.590;16:52:56.590;0:53.467;0:28.348;0:20.706;298.5;Alex Popow Karaha;;P;;BAR1 Motorsports;Multimatic/Riley;
20;2;5;1:41.778;2;;53.065;2;28.176;0;20.537;2;202.6;59:38.368;16:54:38.368;0:53.065;0:28.176;0:20.537;298.5;Alex Popow Karaha;;P;;BAR1 Motorsports;Multimatic/Riley;
20;2;6;1:42.035;0;;53.234;0;28.259;0;20.542;0;202.1;1:01:20.403;16:56:20.403;0:53.234;0:28.259;0:20.542;299.2;Alex Popow Karaha;;P;;BAR1 Motorsports;Multimatic/Riley;
20;2;7;1:42.238;0;;53.853;0;27.835;2;20.550;0;201.7;1:03:02.641;16:58:02.641;0:53.853;0:27.835;0:20.550;299.2;Alex Popow Karaha;;P;;BAR1 Motorsports;Multimatic/Riley;
20;2;8;1:43.441;0;;54.602;0;28.213;0;20.626;0;199.4;1:04:46.082;16:59:46.082;0:54.602;0:28.213;0:20.626;297.2;Alex Popow Karaha;;P;;BAR1 Motorsports;Multimatic/Riley;
22;2;1;52:21.283;0;;51:31.684;0;28.771;2;20.828;0;6.6;52:21.283;16:47:21.283;51:31.684;0:28.771;0:20.828;292.6;Nicolas Lapierre;0:50:32.771;P;;Tequila Patron ESM;Nissan;
22;2;2;1:46.129;2;;54.838;2;31.246;0;20.045;2;194.3;54:07.412;16:49:07.412;0:54.838;0:31.246;0:20.045;307.6;Nicolas Lapierre;;P;;Tequila Patron ESM;Nissan;
23;2;1;51:59.728;0;;51:10.519;0;28.797;0;20.412;0;6.6;51:59.728;16:46:59.728;51:10.519;0:28.797;0:20.412;302.6;Fernando Alonso;0:50:22.087;P;;United Autosports;Ligier;
23;2;2;1:42.494;0;;53.988;0;28.395;0;20.111;0;201.2;53:42.222;16:48:42.222;0:53.988;0:28.395;0:20.111;304.8;Fernando Alonso;;P;;United Autosports;Ligier;
23;2;3;1:38.279;0;;51.663;0;26.558;0;20.058;0;209.9;55:20.501;16:50:20.501;0:51.663;0:26.558;0:20.058;306.2;Fernando Alonso;;P;;United Autosports;Ligier;
23;2;4;1:40.395;0;;53.120;0;27.212;0;20.063;0;205.4;57:00.896;16:52:00.896;0:53.120;0:27.212;0:20.063;305.5;Fernando Alonso;;P;;United Autosports;Ligier;
23;2;5;1:43.321;0;;56.579;0;26.780;0;19.962;0;199.6;58:44.217;16:53:44.217;0:56.579;0:26.780;0:19.962;306.2;Fernando Alonso;;P;;United Autosports;Ligier;
23;2;6;1:37.475;0;;51.117;0;26.441;0;19.917;0;211.6;1:00:21.692;16:55:21.692;0:51.117;0:26.441;0:19.917;306.2;Fernando Alonso;;P;;United Autosports;Ligier;
23;2;7;1:37.365;0;;50.945;0;26.468;0;19.952;0;211.8;1:01:59.057;16:56:59.057;0:50.945;0:26.468;0:19.952;306.9;Fernando Alonso;;P;;United Autosports;Ligier;
23;2;8;1:37.112;0;;51.031;0;26.200;2;19.881;0;212.4;1:03:36.169;16:58:36.169;0:51.031;0:26.200;0:19.881;307.6;Fernando Alonso;;P;;United Autosports;Ligier;
23;2;9;1:37.008;2;;50.832;2;26.304;0;19.872;2;212.6;1:05:13.177;17:00:13.177;0:50.832;0:26.304;0:19.872;306.9;Fernando Alonso;;P;;United Autosports;Ligier;
24;1;1;27:28.941;0;;26:31.656;0;33.575;0;23.710;0;12.5;27:28.941;16:22:28.941;26:31.656;0:33.575;0:23.710;265.4;John Edwards;0:25:42.343;GTLM;;BMW Team RLL;BMW;
24;1;2;1:51.910;0;;56.687;0;33.062;0;22.161;0;184.3;29:20.851;16:24:20.851;0:56.687;0:33.062;0:22.161;281.9;John Edwards;;GTLM;;BMW Team RLL;BMW;
24;1;3;1:45.314;0;;54.299;0;29.237;0;21.778;0;195.8;31:06.165;16:26:06.165;0:54.299;0:29.237;0:21.778;283.1;John Edwards;;GTLM;;BMW Team RLL;BMW;
24;1;4;1:44.851;0;;54.021;0;29.090;0;21.740;0;196.7;32:51.016;16:27:51.016;0:54.021;0:29.090;0:21.740;282.5;John Edwards;;GTLM;;BMW Team RLL;BMW;
24;1;5;1:44.585;0;;53.929;0;28.945;0;21.711;0;197.2;34:35.601;16:29:35.601;0:53.929;0:28.945;0:21.711;283.1;John Edwards;;GTLM;;BMW Team RLL;BMW;
24;1;6;1:44.413;2;;53.779;2;28.923;0;21.711;0;197.5;36:20.014;16:31:20.014;0:53.779;0:28.923;0:21.711;283.1;John Edwards;;GTLM;;BMW Team RLL;BMW;
24;1;7;1:44.432;0;;53.853;0;28.869;2;21.710;2;197.5;38:04.446;16:33:04.446;0:53.853;0:28.869;0:21.710;283.7;John Edwards;;GTLM;;BMW Team RLL;BMW;
24;1;8;1:44.904;0;;54.212;0;28.969;0;21.723;0;196.6;39:49.350;16:34:49.350;0:54.212;0:28.969;0:21.723;283.1;John Edwards;;GTLM;;BMW Team RLL;BMW;
25;0;1;27:26.264;0;;26:28.833;0;34.432;0;22.999;0;12.5;27:26.264;16:22:26.264;26:28.833;0:34.432;0:22.999;276.6;Alexander Sims;0:25:38.364;GTLM;;BMW Team RLL;BMW;
25;0;2;1:49.860;0;;56.739;0;31.163;0;21.958;0;187.7;29:16.124;16:24:16.124;0:56.739;0:31.163;0:21.958;280.7;Alexander Sims;;GTLM;;BMW Team RLL;BMW;
25;0;3;1:44.555;0;;54.014;0;28.820;0;21.721;0;197.3;31:00.679;16:26:00.679;0:54.014;0:28.820;0:21.721;283.7;Alexander Sims;;GTLM;;BMW Team RLL;BMW;
25;0;4;1:44.114;0;;53.661;0;28.720;0;21.733;0;198.1;32:44.793;16:27:44.793;0:53.661;0:28.720;0:21.733;282.5;Alexander Sims;;GTLM;;BMW Team RLL;BMW;
25;0;5;1:44.170;0;;53.551;0;28.904;0;21.715;0;198.0;34:28.963;16:29:28.963;0:53.551;0:28.904;0:21.715;283.7;Alexander Sims;;GTLM;;BMW Team RLL;BMW;
25;0;6;1:43.948;2;;53.372;2;28.884;0;21.692;0;198.4;36:12.911;16:31:12.911;0:53.372;0:28.884;0:21.692;283.7;Alexander Sims;;GTLM;;BMW Team RLL;BMW;
25;0;7;1:44.536;0;;53.925;0;28.892;0;21.719;0;197.3;37:57.447;16:32:57.447;0:53.925;0:28.892;0:21.719;283.1;Alexander Sims;;GTLM;;BMW Team RLL;BMW;
25;0;8;1:44.407;0;;53.889;0;28.823;0;21.695;0;197.5;39:41.854;16:34:41.854;0:53.889;0:28.823;0:21.695;282.5;Alexander Sims;;GTLM;;BMW Team RLL;BMW;
25;0;9;1:44.201;0;;53.892;0;28.671;2;21.638;2;197.9;41:26.055;16:36:26.055;0:53.892;0:28.671;0:21.638;284.3;Alexander Sims;;GTLM;;BMW Team RLL;BMW;
29;0;1;2:22.896;0;;1:27.873;0;32.338;0;22.685;0;144.3;2:22.896;15:57:22.896;1:27.873;0:32.338;0:22.685;276.6;Sheldon van der Linde;0:00:35.156;GTD;;Montaplast by Land-Motorsport;Audi;
29;0;2;1:50.748;0;;57.949;0;30.443;0;22.356;0;186.2;4:13.644;15:59:13.644;0:57.949;0:30.443;0:22.356;280.7;Sheldon van der Linde;;GTD;;Montaplast by Land-Motorsport;Audi;
29;0;3;1:48.908;0;;56.489;0;30.179;0;22.240;0;189.4;6:02.552;16:01:02.552;0:56.489;0:30.179;0:22.240;281.3;Sheldon van der Linde;;GTD;;Montaplast by Land-Motorsport;Audi;
29;0;4;1:48.084;0;;55.777;0;30.094;0;22.213;0;190.8;7:50.636;16:02:50.636;0:55.777;0:30.094;0:22.213;281.9;Sheldon van der Linde;;GTD;;Montaplast by Land-Motorsport;Audi;
29;0;5;1:47.975;0;;55.767;0;30.014;0;22.194;0;191.0;9:38.611;16:04:38.611;0:55.767;0:30.014;0:22.194;281.9;Sheldon van der Linde;;GTD;;Montaplast by Land-Motorsport;Audi;
29;0;6;1:47.317;0;;55.533;2;29.730;0;22.054;0;192.2;11:25.928;16:06:25.928;0:55.533;0:29.730;0:22.054;283.1;Sheldon van der Linde;;GTD;;Montaplast by Land-Motorsport;Audi;
29;0;7;1:47.273;2;;55.568;0;29.724;2;21.981;0;192.3;13:13.201;16:08:13.201;0:55.568;0:29.724;0:21.981;283.7;Sheldon van der Linde;;GTD;;Montaplast by Land-Motorsport;Audi;
29;0;8;1:47.304;0;;55.604;0;29.746;0;21.954;2;192.2;15:00.505;16:10:00.505;0:55.604;0:29.746;0:21.954;284.3;Sheldon van der Linde;;GTD;;Montaplast by Land-Motorsport;Audi;
29;0;9;3:25.517;0;B;56.113;0;30.704;0;1:58.700;0;100.4;18:26.022;16:13:26.022;0:56.113;0:30.704;1:58.700;;Sheldon van der Linde;;GTD;;Montaplast by Land-Motorsport;Audi;
3;0;1;27:22.502;0;;26:29.087;0;31.179;0;22.236;0;12.6;27:22.502;16:22:22.502;26:29.087;0:31.179;0:22.236;280.7;Jan Magnussen;0:25:41.020;GTLM;;Corvette Racing;Chevrolet;
3;0;2;1:45.424;0;;54.419;0;29.213;0;21.792;0;195.6;29:07.926;16:24:07.926;0:54.419;0:29.213;0:21.792;283.7;Jan Magnussen;;GTLM;;Corvette Racing;Chevrolet;
3;0;3;1:43.223;0;;52.929;0;28.734;0;21.560;0;199.8;30:51.149;16:25:51.149;0:52.929;0:28.734;0:21.560;286.2;Jan Magnussen;;GTLM;;Corvette Racing;Chevrolet;
3;0;4;1:42.779;2;;52.697;2;28.572;2;21.510;2;200.7;32:33.928;16:27:33.928;0:52.697;0:28.572;0:21.510;287.4;Jan Magnussen;;GTLM;;Corvette Racing;Chevrolet;
3;0;5;1:44.013;0;;53.166;0;29.132;0;21.715;0;198.3;34:17.941;16:29:17.941;0:53.166;0:29.132;0:21.715;285.0;Jan Magnussen;;GTLM;;Corvette Racing;Chevrolet;
3;0;6;1:44.113;0;;53.400;0;29.008;0;21.705;0;198.1;36:02.054;16:31:02.054;0:53.400;0:29.008;0:21.705;285.0;Jan Magnussen;;GTLM;;Corvette Racing;Chevrolet;
3;0;7;1:43.514;0;;53.315;0;28.610;0;21.589;0;199.2;37:45.568;16:32:45.568;0:53.315;0:28.610;0:21.589;285.0;Jan Magnussen;;GTLM;;Corvette Racing;Chevrolet;
3;0;8;1:45.537;0;;54.951;0;28.922;0;21.664;0;195.4;39:31.105;16:34:31.105;0:54.951;0:28.922;0:21.664;285.0;Jan Magnussen;;GTLM;;Corvette Racing;Chevrolet;
31;0;1;53:18.228;0;;52:29.720;0;28.166;0;20.342;0;6.4;53:18.228;16:48:18.228;52:29.720;0:28.166;0:20.342;303.3;Felipe Nasr;0:51:39.077;P;;Whelen Engineering Racing;Cadillac;
31;0;2;1:39.650;0;;52.998;0;26.628;0;20.024;0;207.0;54:57.878;16:49:57.878;0:52.998;0:26.628;0:20.024;306.2;Felipe Nasr;;P;;Whelen Engineering Racing;Cadillac;
31;0;3;1:37.142;0;;50.778;0;26.420;0;19.944;0;212.3;56:35.020;16:51:35.020;0:50.778;0:26.420;0:19.944;306.9;Felipe Nasr;;P;;Whelen Engineering Racing;Cadillac;
31;0;4;1:37.794;0;;51.429;0;26.444;0;19.921;0;210.9;58:12.814;16:53:12.814;0:51.429;0:26.444;0:19.921;306.9;Felipe Nasr;;P;;Whelen Engineering Racing;Cadillac;
31;0;5;1:36.893;0;;50.720;0;26.271;0;19.902;0;212.9;59:49.707;16:54:49.707;0:50.720;0:26.271;0:19.902;307.6;Felipe Nasr;;P;;Whelen Engineering Racing;Cadillac;
31;0;6;1:36.508;2;;50.382;2;26.219;2;19.907;0;213.7;1:01:26.215;16:56:26.215;0:50.382;0:26.219;0:19.907;307.6;Felipe Nasr;;P;;Whelen Engineering Racing;Cadillac;
31;0;7;1:36.621;0;;50.486;0;26.264;0;19.871;2;213.5;1:03:02.836;16:58:02.836;0:50.486;0:26.264;0:19.871;309.0;Felipe Nasr;;P;;Whelen Engineering Racing;Cadillac;
32;3;1;52:11.085;0;B;51:07.283;0;28.712;0;35.090;0;6.6;52:11.085;16:47:11.085;51:07.283;0:28.712;0:35.090;;Bruno Senna Lalli;0:50:19.627;P;;United Autosports;Ligier;
32;3;2;2:06.544;0;;1:16.147;0;29.959;0;20.438;0;163.0;54:17.629;16:49:17.629;1:16.147;0:29.959;0:20.438;302.0;Bruno Senna Lalli;0:00:40.951;P;;United Autosports;Ligier;
32;3;3;1:41.014;0;;53.770;0;27.009;0;20.235;0;204.2;55:58.643;16:50:58.643;0:53.770;0:27.009;0:20.235;302.0;Bruno Senna Lalli;;P;;United Autosports;Ligier;
32;3;4;1:39.328;0;;52.021;0;27.056;0;20.251;0;207.6;57:37.971;16:52:37.971;0:52.021;0:27.056;0:20.251;304.8;Bruno Senna Lalli;;P;;United Autosports;Ligier;
32;3;5;1:42.161;0;;54.967;0;26.875;0;20.319;0;201.9;59:20.132;16:54:20.132;0:54.967;0:26.875;0:20.319;303.3;Bruno Senna Lalli;;P;;United Autosports;Ligier;
32;3;6;1:38.428;0;;51.485;0;26.666;0;20.277;0;209.5;1:00:58.560;16:55:58.560;0:51.485;0:26.666;0:20.277;302.6;Bruno Senna Lalli;;P;;United Autosports;Ligier;
32;3;7;1:40.032;0;;51.685;0;28.082;0;20.265;0;206.2;1:02:38.592;16:57:38.592;0:51.685;0:28.082;0:20.265;304.0;Bruno Senna Lalli;;P;;United Autosports;Ligier;
32;3;8;1:38.191;0;;51.230;2;26.633;0;20.328;0;210.0;1:04:16.783;16:59:16.783;0:51.230;0:26.633;0:20.328;303.3;Bruno Senna Lalli;;P;;United Autosports;Ligier;
32;3;9;1:38.186;2;;51.504;0;26.632;2;20.050;2;210.1;1:05:54.969;17:00:54.969;0:51.504;0:26.632;0:20.050;303.3;Bruno Senna Lalli;;P;;United Autosports;Ligier;
33;0;1;2:22.405;0;;1:27.293;0;32.493;0;22.619;0;144.8;2:22.405;15:57:22.405;1:27.293;0:32.493;0:22.619;278.3;Ben Keating;0:00:28.800;GTD;;Mercedes-AMG Team Riley Motorsports;Mercedes-AMG;
33;0;2;1:55.266;0;;1:01.188;0;31.726;0;22.352;0;178.9;4:17.671;15:59:17.671;1:01.188;0:31.726;0:22.352;280.7;Ben Keating;;GTD;;Mercedes-AMG Team Riley Motorsports;Mercedes-AMG;
33;0;3;1:49.950;0;;57.210;0;30.455;0;22.285;0;187.6;6:07.621;16:01:07.621;0:57.210;0:30.455;0:22.285;280.7;Ben Keating;;GTD;;Mercedes-AMG Team Riley Motorsports;Mercedes-AMG;
33;0;4;1:48.903;0;;56.373;0;30.371;0;22.159;0;189.4;7:56.524;16:02:56.524;0:56.373;0:30.371;0:22.159;278.9;Ben Keating;;GTD;;Mercedes-AMG Team Riley Motorsports;Mercedes-AMG;
33;0;5;1:48.405;0;;56.052;0;30.233;0;22.120;0;190.3;9:44.929;16:04:44.929;0:56.052;0:30.233;0:22.120;280.1;Ben Keating;;GTD;;Mercedes-AMG Team Riley Motorsports;Mercedes-AMG;
33;0;6;1:48.305;0;;56.219;0;29.935;0;22.151;0;190.4;11:33.234;16:06:33.234;0:56.219;0:29.935;0:22.151;280.1;Ben Keating;;GTD;;Mercedes-AMG Team Riley Motorsports;Mercedes-AMG;
33;0;7;1:48.262;0;;56.179;0;30.000;0;22.083;0;190.5;13:21.496;16:08:21.496;0:56.179;0:30.000;0:22.083;280.7;Ben Keating;;GTD;;Mercedes-AMG Team Riley Motorsports;Mercedes-AMG;
33;0;8;1:47.796;2;;55.847;2;29.918;2;22.031;2;191.3;15:09.292;16:10:09.292;0:55.847;0:29.918;0:22.031;280.7;Ben Keating;;GTD;;Mercedes-AMG Team Riley Motorsports;Mercedes-AMG;
37;2;1;52:10.761;0;;51:20.522;0;29.674;0;20.565;0;6.6;52:10.761;16:47:10.761;51:20.522;0:29.674;0:20.565;301.3;Robin Frijns;0:50:29.019;P;;Jackie Chan DCR JOTA;ORECA;
37;2;2;1:44.012;0;;54.250;0;29.496;0;20.266;0;198.3;53:54.773;16:48:54.773;0:54.250;0:29.496;0:20.266;304.8;Robin Frijns;;P;;Jackie Chan DCR JOTA;ORECA;
37;2;3;1:40.209;0;;52.764;0;27.241;0;20.204;0;205.8;55:34.982;16:50:34.982;0:52.764;0:27.241;0:20.204;305.5;Robin Frijns;;P;;Jackie Chan DCR JOTA;ORECA;
37;2;4;1:38.007;0;;51.137;0;26.730;0;20.140;0;210.4;57:12.989;16:52:12.989;0:51.137;0:26.730;0:20.140;305.5;Robin Frijns;;P;;Jackie Chan DCR JOTA;ORECA;
37;2;5;1:37.172;0;;50.550;0;26.545;0;20.077;0;212.2;58:50.161;16:53:50.161;0:50.550;0:26.545;0:20.077;305.5;Robin Frijns;;P;;Jackie Chan DCR JOTA;ORECA;
37;2;6;1:36.944;0;;50.307;0;26.558;0;20.079;0;212.7;1:00:27.105;16:55:27.105;0:50.307;0:26.558;0:20.079;306.2;Robin Frijns;;P;;Jackie Chan DCR JOTA;ORECA;
37;2;7;1:39.478;0;;50.529;0;28.923;0;20.026;0;207.3;1:02:06.583;16:57:06.583;0:50.529;0:28.923;0:20.026;305.5;Robin Frijns;;P;;Jackie Chan DCR JOTA;ORECA;
37;2;8;1:36.984;0;;50.317;0;26.628;0;20.039;0;212.7;1:03:43.567;16:58:43.567;0:50.317;0:26.628;0:20.039;306.2;Robin Frijns;;P;;Jackie Chan DCR JOTA;ORECA;
37;2;9;1:36.492;2;;50.196;2;26.330;2;19.966;2;213.7;1:05:20.059;17:00:20.059;0:50.196;0:26.330;0:19.966;306.2;Robin Frijns;;P;;Jackie Chan DCR JOTA;ORECA;
38;1;1;51:58.377;0;;51:09.013;0;28.878;0;20.486;0;6.6;51:58.377;16:46:58.377;51:09.013;0:28.878;0:20.486;300.6;Pato O'Ward;0:50:21.143;P;;Performance Tech Motorsports;ORECA;
38;1;2;1:41.887;0;;54.044;0;27.742;0;20.101;0;202.4;53:40.264;16:48:40.264;0:54.044;0:27.742;0:20.101;304.0;Pato O'Ward;;P;;Performance Tech Motorsports;ORECA;
38;1;3;1:37.988;0;;51.335;0;26.560;0;20.093;0;210.5;55:18.252;16:50:18.252;0:51.335;0:26.560;0:20.093;304.8;Pato O'Ward;;P;;Performance Tech Motorsports;ORECA;
38;1;4;1:37.458;0;;50.852;0;26.583;0;20.023;0;211.6;56:55.710;16:51:55.710;0:50.852;0:26.583;0:20.023;305.5;Pato O'Ward;;P;;Performance Tech Motorsports;ORECA;
38;1;5;1:37.107;0;;50.637;0;26.463;0;20.007;0;212.4;58:32.817;16:53:32.817;0:50.637;0:26.463;0:20.007;305.5;Pato O'Ward;;P;;Performance Tech Motorsports;ORECA;
38;1;6;1:36.959;0;;50.714;0;26.316;0;19.929;0;212.7;1:00:09.776;16:55:09.776;0:50.714;0:26.316;0:19.929;306.2;Pato O'Ward;;P;;Performance Tech Motorsports;ORECA;
38;1;7;1:42.724;0;;56.103;0;26.670;0;19.951;0;200.8;1:01:52.500;16:56:52.500;0:56.103;0:26.670;0:19.951;305.5;Pato O'Ward;;P;;Performance Tech Motorsports;ORECA;
38;1;8;1:36.953;0;;50.676;0;26.349;0;19.928;0;212.7;1:03:29.453;16:58:29.453;0:50.676;0:26.349;0:19.928;306.2;Pato O'Ward;;P;;Performance Tech Motorsports;ORECA;
38;1;9;1:36.318;2;;50.307;2;26.098;2;19.913;2;214.1;1:05:05.771;17:00:05.771;0:50.307;0:26.098;0:19.913;305.5;Pato O'Ward;;P;;Performance Tech Motorsports;ORECA;
4;0;1;27:20.873;0;;26:27.986;0;30.531;0;22.356;0;12.6;27:20.873;16:22:20.873;26:27.986;0:30.531;0:22.356;277.2;Oliver Gavin;0:25:39.317;GTLM;;Corvette Racing;Chevrolet;
4;0;2;1:45.176;0;;54.048;0;29.200;0;21.928;0;196.1;29:06.049;16:24:06.049;0:54.048;0:29.200;0:21.928;281.3;Oliver Gavin;;GTLM;;Corvette Racing;Chevrolet;
4;0;3;1:44.059;0;;53.286;0;28.935;0;21.838;0;198.2;30:50.108;16:25:50.108;0:53.286;0:28.935;0:21.838;281.9;Oliver Gavin;;GTLM;;Corvette Racing;Chevrolet;
4;0;4;1:43.800;0;;53.263;0;28.756;0;21.781;0;198.7;32:33.908;16:27:33.908;0:53.263;0:28.756;0:21.781;283.1;Oliver Gavin;;GTLM;;Corvette Racing;Chevrolet;
4;0;5;1:44.979;0;;53.946;0;29.139;0;21.894;0;196.5;34:18.887;16:29:18.887;0:53.946;0:29.139;0:21.894;285.0;Oliver Gavin;;GTLM;;Corvette Racing;Chevrolet;
4;0;6;1:43.489;0;;53.256;2;28.652;0;21.581;0;199.3;36:02.376;16:31:02.376;0:53.256;0:28.652;0:21.581;286.8;Oliver Gavin;;GTLM;;Corvette Racing;Chevrolet;
4;0;7;1:43.453;2;;53.430;0;28.542;2;21.481;2;199.4;37:45.829;16:32:45.829;0:53.430;0:28.542;0:21.481;286.8;Oliver Gavin;;GTLM;;Corvette Racing;Chevrolet;
4;0;8;1:43.907;0;;53.381;0;28.690;0;21.836;0;198.5;39:29.736;16:34:29.736;0:53.381;0:28.690;0:21.836;281.3;Oliver Gavin;;GTLM;;Corvette Racing;Chevrolet;
44;1;1;2:40.235;0;;1:45.905;0;31.843;0;22.487;0;128.7;2:40.235;15:57:40.235;1:45.905;0:31.843;0:22.487;281.9;Andy Lally;0:00:50.789;GTD;;Magnus Racing;Audi;
44;1;2;1:54.697;0;;1:00.620;0;31.551;0;22.526;0;179.8;4:34.932;15:59:34.932;1:00.620;0:31.551;0:22.526;279.5;Andy Lally;;GTD;;Magnus Racing;Audi;
44;1;3;1:47.940;0;;56.405;0;29.759;0;21.776;2;191.1;6:22.872;16:01:22.872;0:56.405;0:29.759;0:21.776;287.4;Andy Lally;;GTD;;Magnus Racing;Audi;
44;1;4;1:47.558;0;;55.860;0;29.762;0;21.936;0;191.8;8:10.430;16:03:10.430;0:55.860;0:29.762;0:21.936;283.1;Andy Lally;;GTD;;Magnus Racing;Audi;
44;1;5;1:47.886;0;;55.995;0;29.860;0;22.031;0;191.2;9:58.316;16:04:58.316;0:55.995;0:29.860;0:22.031;283.1;Andy Lally;;GTD;;Magnus Racing;Audi;
44;1;6;1:47.841;0;;55.983;0;29.866;0;21.992;0;191.2;11:46.157;16:06:46.157;0:55.983;0:29.866;0:21.992;283.1;Andy Lally;;GTD;;Magnus Racing;Audi;
44;1;7;1:47.475;0;;55.793;2;29.774;0;21.908;0;191.9;13:33.632;16:08:33.632;0:55.793;0:29.774;0:21.908;283.1;Andy Lally;;GTD;;Magnus Racing;Audi;
44;1;8;1:47.442;2;;55.820;0;29.695;2;21.927;0;192.0;15:21.074;16:10:21.074;0:55.820;0:29.695;0:21.927;283.1;Andy Lally;;GTD;;Magnus Racing;Audi;
48;3;1;3:44.667;0;;2:49.464;0;32.276;0;22.927;0;91.8;3:44.667;15:58:44.667;2:49.464;0:32.276;0:22.927;276.6;Bryce Miller;0:01:53.261;GTD;;Paul Miller Racing;Lamborghini;
48;3;2;1:52.653;0;;59.732;0;30.667;0;22.254;0;183.1;5:37.320;16:00:37.320;0:59.732;0:30.667;0:22.254;281.9;Bryce Miller;;GTD;;Paul Miller Racing;Lamborghini;
48;3;3;1:49.380;0;;57.097;0;30.184;0;22.099;0;188.6;7:26.700;16:02:26.700;0:57.097;0:30.184;0:22.099;281.9;Bryce Miller;;GTD;;Paul Miller Racing;Lamborghini;
48;3;4;1:49.089;0;;57.006;0;30.061;0;22.022;0;189.1;9:15.789;16:04:15.789;0:57.006;0:30.061;0:22.022;282.5;Bryce Miller;;GTD;;Paul Miller Racing;Lamborghini;
48;3;5;1:48.582;0;;56.402;0;30.093;0;22.087;0;189.9;11:04.371;16:06:04.371;0:56.402;0:30.093;0:22.087;282.5;Bryce Miller;;GTD;;Paul Miller Racing;Lamborghini;
48;3;6;1:48.181;2;;56.190;2;30.017;0;21.974;0;190.6;12:52.552;16:07:52.552;0:56.190;0:30.017;0:21.974;283.7;Bryce Miller;;GTD;;Paul Miller Racing;Lamborghini;
48;3;7;1:48.666;0;;56.566;0;30.048;0;22.052;0;189.8;14:41.218;16:09:41.218;0:56.566;0:30.048;0:22.052;281.9;Bryce Miller;;GTD;;Paul Miller Racing;Lamborghini;
48;3;8;1:48.184;0;;56.256;0;29.967;2;21.961;2;190.6;16:29.402;16:11:29.402;0:56.256;0:29.967;0:21.961;282.5;Bryce Miller;;GTD;;Paul Miller Racing;Lamborghini;
5;0;1;53:12.300;0;;52:22.976;0;29.047;0;20.277;0;6.5;53:12.300;16:48:12.300;52:22.976;0:29.047;0:20.277;304.0;Filipe Albuquerque;0:51:32.279;P;;Mustang Sampling Racing;Cadillac;
5;0;2;1:40.082;0;;53.077;0;27.005;0;20.000;0;206.1;54:52.382;16:49:52.382;0:53.077;0:27.005;0:20.000;306.2;Filipe Albuquerque;;P;;Mustang Sampling Racing;Cadillac;
5;0;3;1:39.543;0;;51.982;0;27.651;0;19.910;0;207.2;56:31.925;16:51:31.925;0:51.982;0:27.651;0:19.910;307.6;Filipe Albuquerque;;P;;Mustang Sampling Racing;Cadillac;
5;0;4;1:37.051;0;;50.741;0;26.410;0;19.900;0;212.5;58:08.976;16:53:08.976;0:50.741;0:26.410;0:19.900;307.6;Filipe Albuquerque;;P;;Mustang Sampling Racing;Cadillac;
5;0;5;1:36.754;0;;50.548;0;26.364;0;19.842;0;213.2;59:45.730;16:54:45.730;0:50.548;0:26.364;0:19.842;308.3;Filipe Albuquerque;;P;;Mustang Sampling Racing;Cadillac;
5;0;6;1:36.552;0;;50.455;0;26.293;0;19.804;0;213.6;1:01:22.282;16:56:22.282;0:50.455;0:26.293;0:19.804;309.0;Filipe Albuquerque;;P;;Mustang Sampling Racing;Cadillac;
5;0;7;1:38.307;0;;51.649;0;26.806;0;19.852;0;209.8;1:03:00.589;16:58:00.589;0:51.649;0:26.806;0:19.852;308.3;Filipe Albuquerque;;P;;Mustang Sampling Racing;Cadillac;
5;0;8;1:36.376;0;;50.343;0;26.194;0;19.839;0;214.0;1:04:36.965;16:59:36.965;0:50.343;0:26.194;0:19.839;307.6;Filipe Albuquerque;;P;;Mustang Sampling Racing;Cadillac;
5;0;9;1:36.194;2;;50.267;2;26.146;2;19.781;2;214.4;1:06:13.159;17:01:13.159;0:50.267;0:26.146;0:19.781;308.3;Filipe Albuquerque;;P;;Mustang Sampling Racing;Cadillac;
51;3;1;3:26.162;0;;2:29.854;0;33.876;0;22.432;0;100.0;3:26.162;15:58:26.162;2:29.854;0:33.876;0:22.432;279.5;Daniel Serra;0:01:35.173;GTD;;Spirit of Race;Ferrari;
51;3;2;1:52.710;0;;59.050;0;31.762;0;21.898;0;183.0;5:18.872;16:00:18.872;0:59.050;0:31.762;0:21.898;285.0;Daniel Serra;;GTD;;Spirit of Race;Ferrari;
51;3;3;1:46.828;0;;55.596;0;29.524;0;21.708;0;193.1;7:05.700;16:02:05.700;0:55.596;0:29.524;0:21.708;286.8;Daniel Serra;;GTD;;Spirit of Race;Ferrari;
51;3;4;1:46.407;0;;55.315;0;29.460;0;21.632;0;193.8;8:52.107;16:03:52.107;0:55.315;0:29.460;0:21.632;288.1;Daniel Serra;;GTD;;Spirit of Race;Ferrari;
51;3;5;1:46.489;0;;55.336;0;29.440;0;21.713;0;193.7;10:38.596;16:05:38.596;0:55.336;0:29.440;0:21.713;286.8;Daniel Serra;;GTD;;Spirit of Race;Ferrari;
51;3;6;1:46.049;2;;55.115;2;29.394;2;21.540;2;194.5;12:24.645;16:07:24.645;0:55.115;0:29.394;0:21.540;290.0;Daniel Serra;;GTD;;Spirit of Race;Ferrari;
51;3;7;2:08.798;0;B;59.900;0;31.131;0;37.767;0;160.1;14:33.443;16:09:33.443;0:59.900;0:31.131;0:37.767;;Daniel Serra;;GTD;;Spirit of Race;Ferrari;
51;3;8;7:38.365;0;B;;0;;0;;0;45.0;22:11.808;16:17:11.808;;;;;Daniel Serra;;GTD;;Spirit of Race;Ferrari;
52;1;1;52:11.984;0;;51:20.353;0;31.006;0;20.625;0;6.6;52:11.984;16:47:11.984;51:20.353;0:31.006;0:20.625;302.6;Gustavo Yacaman;0:50:25.539;P;;AFS/PR1 Mathiasen Motorsports;Ligier;
52;1;2;1:49.794;0;;1:01.309;0;28.204;0;20.281;0;187.8;54:01.778;16:49:01.778;1:01.309;0:28.204;0:20.281;304.8;Gustavo Yacaman;;P;;AFS/PR1 Mathiasen Motorsports;Ligier;
52;1;3;1:52.838;0;;1:02.241;0;30.198;0;20.399;0;182.8;55:54.616;16:50:54.616;1:02.241;0:30.198;0:20.399;302.6;Gustavo Yacaman;;P;;AFS/PR1 Mathiasen Motorsports;Ligier;
52;1;4;1:42.542;0;;54.750;0;27.511;0;20.281;0;201.1;57:37.158;16:52:37.158;0:54.750;0:27.511;0:20.281;305.5;Gustavo Yacaman;;P;;AFS/PR1 Mathiasen Motorsports;Ligier;
52;1;5;1:39.698;0;;52.468;0;27.167;0;20.063;0;206.9;59:16.856;16:54:16.856;0:52.468;0:27.167;0:20.063;305.5;Gustavo Yacaman;;P;;AFS/PR1 Mathiasen Motorsports;Ligier;
52;1;6;1:39.198;0;;52.554;0;26.610;2;20.034;2;207.9;1:00:56.054;16:55:56.054;0:52.554;0:26.610;0:20.034;304.8;Gustavo Yacaman;;P;;AFS/PR1 Mathiasen Motorsports;Ligier;
52;1;7;1:39.135;0;;52.398;0;26.681;0;20.056;0;208.0;1:02:35.189;16:57:35.189;0:52.398;0:26.681;0:20.056;306.2;Gustavo Yacaman;;P;;AFS/PR1 Mathiasen Motorsports;Ligier;
52;1;8;1:38.831;0;;52.169;0;26.617;0;20.045;0;208.7;1:04:14.020;16:59:14.020;0:52.169;0:26.617;0:20.045;305.5;Gustavo Yacaman;;P;;AFS/PR1 Mathiasen Motorsports;Ligier;
52;1;9;1:38.773;2;;51.953;2;26.714;0;20.106;0;208.8;1:05:52.793;17:00:52.793;0:51.953;0:26.714;0:20.106;305.5;Gustavo Yacaman;;P;;AFS/PR1 Mathiasen Motorsports;Ligier;
54;1;1;51:54.992;0;;51:05.001;0;29.480;0;20.511;0;6.6;51:54.992;16:46:54.992;51:05.001;0:29.480;0:20.511;301.3;Colin Braun;0:50:18.671;P;;CORE autosport;ORECA;
54;1;2;1:43.121;0;;55.893;0;27.126;0;20.102;0;200.0;53:38.113;16:48:38.113;0:55.893;0:27.126;0:20.102;302.6;Colin Braun;;P;;CORE autosport;ORECA;
54;1;3;1:37.725;0;;50.937;0;26.707;0;20.081;0;211.0;55:15.838;16:50:15.838;0:50.937;0:26.707;0:20.081;304.8;Colin Braun;;P;;CORE autosport;ORECA;
54;1;4;1:37.265;0;;50.613;0;26.612;0;20.040;0;212.0;56:53.103;16:51:53.103;0:50.613;0:26.612;0:20.040;304.8;Colin Braun;;P;;CORE autosport;ORECA;
54;1;5;1:37.041;0;;50.428;0;26.616;0;19.997;0;212.5;58:30.144;16:53:30.144;0:50.428;0:26.616;0:19.997;304.8;Colin Braun;;P;;CORE autosport;ORECA;
54;1;6;1:37.071;0;;50.529;0;26.613;0;19.929;0;212.5;1:00:07.215;16:55:07.215;0:50.529;0:26.613;0:19.929;304.8;Colin Braun;;P;;CORE autosport;ORECA;
54;1;7;1:36.927;0;;50.477;0;26.560;0;19.890;0;212.8;1:01:44.142;16:56:44.142;0:50.477;0:26.560;0:19.890;306.2;Colin Braun;;P;;CORE autosport;ORECA;
54;1;8;1:37.034;0;;50.618;0;26.508;0;19.908;0;212.5;1:03:21.176;16:58:21.176;0:50.618;0:26.508;0:19.908;306.2;Colin Braun;;P;;CORE autosport;ORECA;
54;1;9;1:36.567;2;;50.308;2;26.335;2;19.924;0;213.6;1:04:57.743;16:59:57.743;0:50.308;0:26.335;0:19.924;306.2;Colin Braun;;P;;CORE autosport;ORECA;
54;1;10;1:36.645;0;;50.479;0;26.357;0;19.809;2;213.4;1:06:34.388;17:01:34.388;0:50.479;0:26.357;0:19.809;306.9;Colin Braun;;P;;CORE autosport;ORECA;
55;0;1;52:29.572;0;;51:38.848;0;30.241;0;20.483;0;6.5;52:29.572;16:47:29.572;51:38.848;0:30.241;0:20.483;299.9;Jonathan Bomarito;0:50:42.126;P;;Mazda Team Joest;Mazda;
55;0;2;1:47.522;0;;55.506;0;31.715;0;20.301;0;191.8;54:17.094;16:49:17.094;0:55.506;0:31.715;0:20.301;302.6;Jonathan Bomarito;;P;;Mazda Team Joest;Mazda;
55;0;3;1:38.466;0;;51.391;0;26.994;0;20.081;0;209.5;55:55.560;16:50:55.560;0:51.391;0:26.994;0:20.081;303.3;Jonathan Bomarito;;P;;Mazda Team Joest;Mazda;
55;0;4;1:39.790;0;;52.891;0;26.815;0;20.084;0;206.7;57:35.350;16:52:35.350;0:52.891;0:26.815;0:20.084;304.0;Jonathan Bomarito;;P;;Mazda Team Joest;Mazda;
55;0;5;1:37.455;0;;50.815;0;26.614;0;20.026;0;211.6;59:12.805;16:54:12.805;0:50.815;0:26.614;0:20.026;304.8;Jonathan Bomarito;;P;;Mazda Team Joest;Mazda;
55;0;6;1:36.960;0;;50.467;0;26.497;0;19.996;0;212.7;1:00:49.765;16:55:49.765;0:50.467;0:26.497;0:19.996;303.3;Jonathan Bomarito;;P;;Mazda Team Joest;Mazda;
55;0;7;1:36.995;0;;50.561;0;26.456;0;19.978;0;212.6;1:02:26.760;16:57:26.760;0:50.561;0:26.456;0:19.978;305.5;Jonathan Bomarito;;P;;Mazda Team Joest;Mazda;
55;0;8;1:36.633;2;;50.352;2;26.317;2;19.964;2;213.4;1:04:03.393;16:59:03.393;0:50.352;0:26.317;0:19.964;304.8;Jonathan Bomarito;;P;;Mazda Team Joest;Mazda;
55;0;9;1:36.813;0;;50.418;0;26.379;0;20.016;0;213.0;1:05:40.206;17:00:40.206;0:50.418;0:26.379;0:20.016;304.8;Jonathan Bomarito;;P;;Mazda Team Joest;Mazda;
58;2;1;3:17.848;0;;2:22.737;0;32.551;0;22.560;0;104.2;3:17.848;15:58:17.848;2:22.737;0:32.551;0:22.560;278.3;Robert Renauer;0:01:27.364;GTD;;Wright Motorsports;Porsche;
58;2;2;1:51.605;0;;58.662;0;30.599;0;22.344;0;184.8;5:09.453;16:00:09.453;0:58.662;0:30.599;0:22.344;279.5;Robert Renauer;;GTD;;Wright Motorsports;Porsche;
58;2;3;1:48.750;0;;56.277;0;30.223;0;22.250;0;189.6;6:58.203;16:01:58.203;0:56.277;0:30.223;0:22.250;280.7;Robert Renauer;;GTD;;Wright Motorsports;Porsche;
58;2;4;1:48.268;0;;56.049;0;30.002;0;22.217;0;190.5;8:46.471;16:03:46.471;0:56.049;0:30.002;0:22.217;280.1;Robert Renauer;;GTD;;Wright Motorsports;Porsche;
58;2;5;1:47.687;0;;55.735;0;29.799;0;22.153;0;191.5;10:34.158;16:05:34.158;0:55.735;0:29.799;0:22.153;280.7;Robert Renauer;;GTD;;Wright Motorsports;Porsche;
58;2;6;1:47.291;2;;55.724;2;29.768;2;21.799;2;192.2;12:21.449;16:07:21.449;0:55.724;0:29.768;0:21.799;285.6;Robert Renauer;;GTD;;Wright Motorsports;Porsche;
58;2;7;1:47.750;0;;55.815;0;29.855;0;22.080;0;191.4;14:09.199;16:09:09.199;0:55.815;0:29.855;0:22.080;280.7;Robert Renauer;;GTD;;Wright Motorsports;Porsche;
58;2;8;1:48.164;0;;55.953;0;30.098;0;22.113;0;190.7;15:57.363;16:10:57.363;0:55.953;0:30.098;0:22.113;281.3;Robert Renauer;;GTD;;Wright Motorsports;Porsche;
59;3;1;3:21.520;0;;2:25.267;0;33.592;0;22.661;0;102.3;3:21.520;15:58:21.520;2:25.267;0:33.592;0:22.661;274.8;Sven Muller;0:01:30.230;GTD;;Manthey-Racing;Porsche;
59;3;2;1:50.610;0;;57.637;0;30.250;0;22.723;0;186.5;5:12.130;16:00:12.130;0:57.637;0:30.250;0:22.723;280.1;Sven Muller;;GTD;;Manthey-Racing;Porsche;
59;3;3;1:48.409;0;;56.655;0;29.700;0;22.054;0;190.2;7:00.539;16:02:00.539;0:56.655;0:29.700;0:22.054;283.1;Sven Muller;;GTD;;Manthey-Racing;Porsche;
59;3;4;1:48.020;0;;55.940;0;29.996;0;22.084;0;190.9;8:48.559;16:03:48.559;0:55.940;0:29.996;0:22.084;282.5;Sven Muller;;GTD;;Manthey-Racing;Porsche;
59;3;5;1:48.119;0;;56.310;0;29.732;0;22.077;0;190.8;10:36.678;16:05:36.678;0:56.310;0:29.732;0:22.077;282.5;Sven Muller;;GTD;;Manthey-Racing;Porsche;
59;3;6;1:47.655;0;;55.874;2;29.835;0;21.946;0;191.6;12:24.333;16:07:24.333;0:55.874;0:29.835;0:21.946;285.0;Sven Muller;;GTD;;Manthey-Racing;Porsche;
59;3;7;1:49.662;0;;57.930;0;29.762;0;21.970;0;188.1;14:13.995;16:09:13.995;0:57.930;0:29.762;0:21.970;284.3;Sven Muller;;GTD;;Manthey-Racing;Porsche;
59;3;8;1:47.587;2;;56.038;0;29.655;2;21.894;2;191.7;16:01.582;16:11:01.582;0:56.038;0:29.655;0:21.894;284.3;Sven Muller;;GTD;;Manthey-Racing;Porsche;
6;0;1;53:08.999;0;;52:20.116;0;28.509;0;20.374;0;6.5;53:08.999;16:48:08.999;52:20.116;0:28.509;0:20.374;305.5;Dane Cameron;0:51:29.369;P;;Acura Team Penske;Acura;
6;0;2;1:40.351;0;;53.132;0;27.153;0;20.066;0;205.5;54:49.350;16:49:49.350;0:53.132;0:27.153;0:20.066;306.9;Dane Cameron;;P;;Acura Team Penske;Acura;
6;0;3;1:39.981;0;;53.402;0;26.679;0;19.900;0;206.3;56:29.331;16:51:29.331;0:53.402;0:26.679;0:19.900;308.3;Dane Cameron;;P;;Acura Team Penske;Acura;
6;0;4;1:37.680;0;;51.320;0;26.490;0;19.870;0;211.1;58:07.011;16:53:07.011;0:51.320;0:26.490;0:19.870;309.0;Dane Cameron;;P;;Acura Team Penske;Acura;
6;0;5;1:37.332;0;;51.036;0;26.480;0;19.816;0;211.9;59:44.343;16:54:44.343;0:51.036;0:26.480;0:19.816;309.8;Dane Cameron;;P;;Acura Team Penske;Acura;
6;0;6;1:37.086;0;;50.972;0;26.347;0;19.767;0;212.4;1:01:21.429;16:56:21.429;0:50.972;0:26.347;0:19.767;310.5;Dane Cameron;;P;;Acura Team Penske;Acura;
6;0;7;1:49.082;0;;54.680;0;34.558;0;19.844;0;189.1;1:03:10.511;16:58:10.511;0:54.680;0:34.558;0:19.844;309.0;Dane Cameron;;P;;Acura Team Penske;Acura;
6;0;8;1:37.054;0;;51.002;0;26.273;2;19.779;0;212.5;1:04:47.565;16:59:47.565;0:51.002;0:26.273;0:19.779;309.0;Dane Cameron;;P;;Acura Team Penske;Acura;
6;0;9;1:36.931;2;;50.904;2;26.295;0;19.732;2;212.8;1:06:24.496;17:01:24.496;0:50.904;0:26.295;0:19.732;309.0;Dane Cameron;;P;;Acura Team Penske;Acura;
62;0;1;28:06.344;0;;27:13.033;0;31.294;0;22.017;0;12.2;28:06.344;16:23:06.344;27:13.033;0:31.294;0:22.017;281.9;Toni Vilander;0:26:16.167;GTLM;;Risi Competizione;Ferrari;
62;0;2;1:47.477;0;;56.261;0;29.447;0;21.769;0;191.9;29:53.821;16:24:53.821;0:56.261;0:29.447;0:21.769;285.6;Toni Vilander;;GTLM;;Risi Competizione;Ferrari;
62;0;3;1:44.734;0;;54.135;0;29.064;0;21.535;0;196.9;31:38.555;16:26:38.555;0:54.135;0:29.064;0:21.535;285.6;Toni Vilander;;GTLM;;Risi Competizione;Ferrari;
62;0;4;1:44.294;0;;53.884;0;28.878;0;21.532;0;197.8;33:22.849;16:28:22.849;0:53.884;0:28.878;0:21.532;286.2;Toni Vilander;;GTLM;;Risi Competizione;Ferrari;
62;0;5;1:44.675;0;;54.353;0;28.762;0;21.560;0;197.0;35:07.524;16:30:07.524;0:54.353;0:28.762;0:21.560;287.4;Toni Vilander;;GTLM;;Risi Competizione;Ferrari;
62;0;6;1:44.196;0;;53.753;0;28.836;0;21.607;0;197.9;36:51.720;16:31:51.720;0:53.753;0:28.836;0:21.607;285.6;Toni Vilander;;GTLM;;Risi Competizione;Ferrari;
62;0;7;1:43.986;0;;53.618;0;28.827;0;21.541;0;198.3;38:35.706;16:33:35.706;0:53.618;0:28.827;0:21.541;286.2;Toni Vilander;;GTLM;;Risi Competizione;Ferrari;
62;0;8;1:43.601;2;;53.510;2;28.663;2;21.428;2;199.1;40:19.307;16:35:19.307;0:53.510;0:28.663;0:21.428;288.1;Toni Vilander;;GTLM;;Risi Competizione;Ferrari;
63;1;1;2:24.430;0;;1:30.099;0;31.875;0;22.456;0;142.8;2:24.430;15:57:24.430;1:30.099;0:31.875;0:22.456;280.7;Alessandro Balzan;0:00:37.669;GTD;;Scuderia Corsa;Ferrari;
63;1;2;1:52.400;0;;58.463;0;31.746;0;22.191;0;183.5;4:16.830;15:59:16.830;0:58.463;0:31.746;0:22.191;281.9;Alessandro Balzan;;GTD;;Scuderia Corsa;Ferrari;
63;1;3;1:47.992;0;;56.034;0;29.943;0;22.015;0;191.0;6:04.822;16:01:04.822;0:56.034;0:29.943;0:22.015;283.7;Alessandro Balzan;;GTD;;Scuderia Corsa;Ferrari;
63;1;4;1:47.560;0;;55.775;0;29.817;0;21.968;0;191.7;7:52.382;16:02:52.382;0:55.775;0:29.817;0:21.968;283.7;Alessandro Balzan;;GTD;;Scuderia Corsa;Ferrari;
63;1;5;1:47.055;2;;55.472;2;29.720;2;21.863;2;192.7;9:39.437;16:04:39.437;0:55.472;0:29.720;0:21.863;285.0;Alessandro Balzan;;GTD;;Scuderia Corsa;Ferrari;
63;1;6;1:49.528;0;;57.346;0;30.230;0;21.952;0;188.3;11:28.965;16:06:28.965;0:57.346;0:30.230;0:21.952;282.5;Alessandro Balzan;;GTD;;Scuderia Corsa;Ferrari;
63;1;7;1:47.345;0;;55.546;0;29.835;0;21.964;0;192.1;13:16.310;16:08:16.310;0:55.546;0:29.835;0:21.964;284.3;Alessandro Balzan;;GTD;;Scuderia Corsa;Ferrari;
63;1;8;1:48.517;0;;56.691;0;29.938;0;21.888;0;190.1;15:04.827;16:10:04.827;0:56.691;0:29.938;0:21.888;282.5;Alessandro Balzan;;GTD;;Scuderia Corsa;Ferrari;
63;1;9;2:11.759;0;B;56.461;0;30.579;0;44.719;0;156.5;17:16.586;16:12:16.586;0:56.461;0:30.579;0:44.719;;Alessandro Balzan;;GTD;;Scuderia Corsa;Ferrari;
63;1;10;2:16.607;0;B;;0;;0;;0;151.0;19:33.193;16:14:33.193;;;;;Alessandro Balzan;;GTD;;Scuderia Corsa;Ferrari;
64;3;1;2:25.340;0;;1:31.506;0;31.617;0;22.217;0;141.9;2:25.340;15:57:25.340;1:31.506;0:31.617;0:22.217;281.9;Sam Bird;0:00:36.299;GTD;;Scuderia Corsa;Ferrari;
64;3;2;1:58.535;0;;1:03.208;0;33.264;0;22.063;0;174.0;4:23.875;15:59:23.875;1:03.208;0:33.264;0:22.063;282.5;Sam Bird;;GTD;;Scuderia Corsa;Ferrari;
64;3;3;1:49.253;0;;57.350;0;29.951;0;21.952;0;188.8;6:13.128;16:01:13.128;0:57.350;0:29.951;0:21.952;285.0;Sam Bird;;GTD;;Scuderia Corsa;Ferrari;
64;3;4;1:48.462;0;;56.493;0;30.015;0;21.954;0;190.2;8:01.590;16:03:01.590;0:56.493;0:30.015;0:21.954;284.3;Sam Bird;;GTD;;Scuderia Corsa;Ferrari;
64;3;5;1:50.787;0;;58.842;0;29.986;0;21.959;0;186.2;9:52.377;16:04:52.377;0:58.842;0:29.986;0:21.959;284.3;Sam Bird;;GTD;;Scuderia Corsa;Ferrari;
64;3;6;1:48.070;0;;56.437;0;29.749;0;21.884;0;190.8;11:40.447;16:06:40.447;0:56.437;0:29.749;0:21.884;283.7;Sam Bird;;GTD;;Scuderia Corsa;Ferrari;
64;3;7;1:54.905;0;;1:03.142;0;29.946;0;21.817;0;179.5;13:35.352;16:08:35.352;1:03.142;0:29.946;0:21.817;286.2;Sam Bird;;GTD;;Scuderia Corsa;Ferrari;
64;3;8;1:47.839;2;;56.366;2;29.720;2;21.753;2;191.3;15:23.191;16:10:23.191;0:56.366;0:29.720;0:21.753;286.2;Sam Bird;;GTD;;Scuderia Corsa;Ferrari;
66;0;1;30:16.316;0;;29:24.058;0;30.300;0;21.958;0;11.4;30:16.316;16:25:16.316;29:24.058;0:30.300;0:21.958;281.3;Joey Hand;0:28:36.714;GTLM;;Ford Chip Ganassi Racing;Ford;
66;0;2;1:48.838;0;;55.328;0;31.905;0;21.605;0;189.5;32:05.154;16:27:05.154;0:55.328;0:31.905;0:21.605;284.3;Joey Hand;;GTLM;;Ford Chip Ganassi Racing;Ford;
66;0;3;1:43.986;0;;53.589;0;28.818;0;21.579;0;198.3;33:49.140;16:28:49.140;0:53.589;0:28.818;0:21.579;285.0;Joey Hand;;GTLM;;Ford Chip Ganassi Racing;Ford;
66;0;4;1:42.986;0;;52.911;0;28.529;2;21.546;2;200.3;35:32.126;16:30:32.126;0:52.911;0:28.529;0:21.546;285.0;Joey Hand;;GTLM;;Ford Chip Ganassi Racing;Ford;
66;0;5;1:42.798;2;;52.561;2;28.560;0;21.677;0;200.6;37:14.924;16:32:14.924;0:52.561;0:28.560;0:21.677;284.3;Joey Hand;;GTLM;;Ford Chip Ganassi Racing;Ford;
66;0;6;1:43.184;0;;53.012;0;28.605;0;21.567;0;199.9;38:58.108;16:33:58.108;0:53.012;0:28.605;0:21.567;285.0;Joey Hand;;GTLM;;Ford Chip Ganassi Racing;Ford;
67;1;1;29:40.051;0;;28:45.553;0;32.455;0;22.043;0;11.6;29:40.051;16:24:40.051;28:45.553;0:32.455;0:22.043;283.1;Richard Westbrook;0:27:49.139;GTLM;;Ford Chip Ganassi Racing;Ford;
67;1;2;1:44.920;0;;54.244;0;29.059;0;21.617;0;196.6;31:24.971;16:26:24.971;0:54.244;0:29.059;0:21.617;285.6;Richard Westbrook;;GTLM;;Ford Chip Ganassi Racing;Ford;
67;1;3;1:43.523;0;;53.209;0;28.751;0;21.563;0;199.2;33:08.494;16:28:08.494;0:53.209;0:28.751;0:21.563;285.6;Richard Westbrook;;GTLM;;Ford Chip Ganassi Racing;Ford;
67;1;4;1:43.125;0;;52.960;2;28.653;0;21.512;0;200.0;34:51.619;16:29:51.619;0:52.960;0:28.653;0:21.512;285.6;Richard Westbrook;;GTLM;;Ford Chip Ganassi Racing;Ford;
67;1;5;1:45.042;0;;54.380;0;29.113;0;21.549;0;196.3;36:36.661;16:31:36.661;0:54.380;0:29.113;0:21.549;285.6;Richard Westbrook;;GTLM;;Ford Chip Ganassi Racing;Ford;
67;1;6;1:49.445;0;;56.928;0;30.969;0;21.548;0;188.4;38:26.106;16:33:26.106;0:56.928;0:30.969;0:21.548;285.6;Richard Westbrook;;GTLM;;Ford Chip Ganassi Racing;Ford;
67;1;7;1:43.091;2;;52.988;0;28.592;2;21.511;2;200.1;40:09.197;16:35:09.197;0:52.988;0:28.592;0:21.511;286.2;Richard Westbrook;;GTLM;;Ford Chip Ganassi Racing;Ford;
69;1;1;2:58.791;0;;2:02.504;0;33.568;0;22.719;0;115.4;2:58.791;15:57:58.791;2:02.504;0:33.568;0:22.719;273.1;Ryan Eversley;0:00:55.854;GTD;;HART;Acura;
69;1;2;1:54.714;0;;1:01.931;0;30.588;0;22.195;0;179.8;4:53.505;15:59:53.505;1:01.931;0:30.588;0:22.195;280.1;Ryan Eversley;;GTD;;HART;Acura;
69;1;3;1:48.959;0;;56.414;0;30.394;0;22.151;0;189.3;6:42.464;16:01:42.464;0:56.414;0:30.394;0:22.151;283.1;Ryan Eversley;;GTD;;HART;Acura;
69;1;4;1:48.763;0;;56.434;0;30.034;0;22.295;0;189.6;8:31.227;16:03:31.227;0:56.434;0:30.034;0:22.295;280.7;Ryan Eversley;;GTD;;HART;Acura;
69;1;5;1:48.421;0;;55.937;0;30.181;0;22.303;0;190.2;10:19.648;16:05:19.648;0:55.937;0:30.181;0:22.303;281.9;Ryan Eversley;;GTD;;HART;Acura;
69;1;6;1:48.037;0;;55.952;0;29.875;2;22.210;0;190.9;12:07.685;16:07:07.685;0:55.952;0:29.875;0:22.210;277.2;Ryan Eversley;;GTD;;HART;Acura;
69;1;7;1:47.862;2;;55.818;2;29.911;0;22.133;2;191.2;13:55.547;16:08:55.547;0:55.818;0:29.911;0:22.133;278.3;Ryan Eversley;;GTD;;HART;Acura;
69;1;8;1:47.900;0;;55.828;0;29.878;0;22.194;0;191.1;15:43.447;16:10:43.447;0:55.828;0:29.878;0:22.194;280.1;Ryan Eversley;;GTD;;HART;Acura;
7;0;1;52:55.472;0;;52:02.203;0;33.056;0;20.213;0;6.5;52:55.472;16:47:55.472;52:02.203;0:33.056;0:20.213;304.8;Helio Castroneves;0:51:05.922;P;;Acura Team Penske;Acura;
7;0;2;1:42.603;0;;53.182;0;29.407;0;20.014;0;201.0;54:38.075;16:49:38.075;0:53.182;0:29.407;0:20.014;306.9;Helio Castroneves;;P;;Acura Team Penske;Acura;
7;0;3;1:37.939;0;;51.708;0;26.371;0;19.860;0;210.6;56:16.014;16:51:16.014;0:51.708;0:26.371;0:19.860;309.0;Helio Castroneves;;P;;Acura Team Penske;Acura;
7;0;4;1:38.267;0;;51.946;0;26.496;0;19.825;0;209.9;57:54.281;16:52:54.281;0:51.946;0:26.496;0:19.825;308.3;Helio Castroneves;;P;;Acura Team Penske;Acura;
7;0;5;1:36.607;0;;50.734;0;26.103;0;19.770;0;213.5;59:30.888;16:54:30.888;0:50.734;0:26.103;0:19.770;309.8;Helio Castroneves;;P;;Acura Team Penske;Acura;
7;0;6;1:36.090;2;;50.431;0;25.951;3;19.708;3;214.6;1:01:06.978;16:56:06.978;0:50.431;0:25.951;0:19.708;309.0;Helio Castroneves;;P;;Acura Team Penske;Acura;
7;0;7;1:36.292;0;;50.306;2;26.179;0;19.807;0;214.2;1:02:43.270;16:57:43.270;0:50.306;0:26.179;0:19.807;309.8;Helio Castroneves;;P;;Acura Team Penske;Acura;
7;0;8;2:14.112;0;B;54.982;0;30.730;0;48.400;0;153.8;1:04:57.382;16:59:57.382;0:54.982;0:30.730;0:48.400;;Helio Castroneves;;P;;Acura Team Penske;Acura;
73;3;1;3:56.303;0;B;1:29.602;0;1:02.251;2;1:24.450;2;87.3;3:56.303;15:58:56.303;1:29.602;1:02.251;1:24.450;;Timothy Pappas;0:00:27.908;GTD;;Park Place Motorsports;Porsche;
73;3;2;14:59.397;0;B;;0;;0;;0;22.9;18:55.700;16:13:55.700;;;;;Timothy Pappas;;GTD;;Park Place Motorsports;Porsche;
75;0;1;2:59.711;0;;2:02.796;0;34.207;0;22.708;0;114.8;2:59.711;15:57:59.711;2:02.796;0:34.207;0:22.708;276.6;Kenny Habul;0:00:57.167;GTD;;SunEnergy1 Racing;Mercedes-AMG;
75;0;2;1:52.718;0;;59.859;0;30.642;0;22.217;0;183.0;4:52.429;15:59:52.429;0:59.859;0:30.642;0:22.217;280.1;Kenny Habul;;GTD;;SunEnergy1 Racing;Mercedes-AMG;
75;0;3;1:51.838;0;;59.008;0;30.549;0;22.281;0;184.4;6:44.267;16:01:44.267;0:59.008;0:30.549;0:22.281;281.3;Kenny Habul;;GTD;;SunEnergy1 Racing;Mercedes-AMG;
75;0;4;1:51.064;0;;58.600;0;30.293;0;22.171;0;185.7;8:35.331;16:03:35.331;0:58.600;0:30.293;0:22.171;280.1;Kenny Habul;;GTD;;SunEnergy1 Racing;Mercedes-AMG;
75;0;5;1:48.480;0;;56.373;2;30.001;0;22.106;0;190.1;10:23.811;16:05:23.811;0:56.373;0:30.001;0:22.106;279.5;Kenny Habul;;GTD;;SunEnergy1 Racing;Mercedes-AMG;
75;0;6;1:52.759;0;;1:00.713;0;29.979;0;22.067;0;182.9;12:16.570;16:07:16.570;1:00.713;0:29.979;0:22.067;280.1;Kenny Habul;;GTD;;SunEnergy1 Racing;Mercedes-AMG;
75;0;7;1:48.463;0;;56.535;0;29.826;2;22.102;0;190.2;14:05.033;16:09:05.033;0:56.535;0:29.826;0:22.102;280.1;Kenny Habul;;GTD;;SunEnergy1 Racing;Mercedes-AMG;
75;0;8;1:48.326;2;;56.390;0;29.883;0;22.053;2;190.4;15:53.359;16:10:53.359;0:56.390;0:29.883;0:22.053;281.3;Kenny Habul;;GTD;;SunEnergy1 Racing;Mercedes-AMG;
78;1;1;52:08.072;0;;51:18.488;0;29.245;0;20.339;0;6.6;52:08.072;16:47:08.072;51:18.488;0:29.245;0:20.339;306.9;Alex Brundle;0:50:27.132;P;;Jackie Chan DCR JOTA;ORECA;
78;1;2;1:42.035;0;;53.847;0;28.160;0;20.028;0;202.1;53:50.107;16:48:50.107;0:53.847;0:28.160;0:20.028;305.5;Alex Brundle;;P;;Jackie Chan DCR JOTA;ORECA;
78;1;3;1:37.957;0;;51.417;0;26.516;0;20.024;0;210.5;55:28.064;16:50:28.064;0:51.417;0:26.516;0:20.024;306.9;Alex Brundle;;P;;Jackie Chan DCR JOTA;ORECA;
78;1;4;1:37.596;0;;51.248;0;26.460;0;19.888;0;211.3;57:05.660;16:52:05.660;0:51.248;0:26.460;0:19.888;307.6;Alex Brundle;;P;;Jackie Chan DCR JOTA;ORECA;
78;1;5;1:37.193;0;;50.935;0;26.375;0;19.883;0;212.2;58:42.853;16:53:42.853;0:50.935;0:26.375;0:19.883;307.6;Alex Brundle;;P;;Jackie Chan DCR JOTA;ORECA;
78;1;6;1:37.031;0;;50.824;2;26.328;0;19.879;0;212.6;1:00:19.884;16:55:19.884;0:50.824;0:26.328;0:19.879;307.6;Alex Brundle;;P;;Jackie Chan DCR JOTA;ORECA;
78;1;7;1:36.982;2;;50.866;0;26.280;0;19.836;2;212.7;1:01:56.866;16:56:56.866;0:50.866;0:26.280;0:19.836;308.3;Alex Brundle;;P;;Jackie Chan DCR JOTA;ORECA;
78;1;8;1:37.378;0;;51.182;0;26.284;0;19.912;0;211.8;1:03:34.244;16:58:34.244;0:51.182;0:26.284;0:19.912;306.9;Alex Brundle;;P;;Jackie Chan DCR JOTA;ORECA;
78;1;9;1:36.997;0;;50.992;0;26.123;2;19.882;0;212.6;1:05:11.241;17:00:11.241;0:50.992;0:26.123;0:19.882;306.2;Alex Brundle;;P;;Jackie Chan DCR JOTA;ORECA;
82;0;1;2:20.280;0;;1:25.846;0;32.251;0;22.183;0;147.0;2:20.280;15:57:20.280;1:25.846;0:32.251;0:22.183;281.3;Miguel Molina;0:00:34.053;GTD;;Risi Competizione;Ferrari;
82;0;2;1:50.690;0;;58.247;0;30.365;0;22.078;0;186.3;4:10.970;15:59:10.970;0:58.247;0:30.365;0:22.078;281.3;Miguel Molina;;GTD;;Risi Competizione;Ferrari;
82;0;3;1:48.195;0;;56.457;0;29.847;0;21.891;0;190.6;5:59.165;16:00:59.165;0:56.457;0:29.847;0:21.891;283.1;Miguel Molina;;GTD;;Risi Competizione;Ferrari;
82;0;4;1:47.701;0;;56.233;0;29.601;0;21.867;0;191.5;7:46.866;16:02:46.866;0:56.233;0:29.601;0:21.867;283.1;Miguel Molina;;GTD;;Risi Competizione;Ferrari;
82;0;5;1:46.967;0;;55.512;0;29.594;0;21.861;0;192.8;9:33.833;16:04:33.833;0:55.512;0:29.594;0:21.861;283.7;Miguel Molina;;GTD;;Risi Competizione;Ferrari;
82;0;6;1:46.773;0;;55.433;0;29.485;0;21.855;0;193.2;11:20.606;16:06:20.606;0:55.433;0:29.485;0:21.855;283.1;Miguel Molina;;GTD;;Risi Competizione;Ferrari;
82;0;7;1:46.759;0;;55.378;0;29.615;0;21.766;0;193.2;13:07.365;16:08:07.365;0:55.378;0:29.615;0:21.766;284.3;Miguel Molina;;GTD;;Risi Competizione;Ferrari;
82;0;8;1:46.502;2;;55.350;2;29.431;0;21.721;0;193.7;14:53.867;16:09:53.867;0:55.350;0:29.431;0:21.721;285.0;Miguel Molina;;GTD;;Risi Competizione;Ferrari;
82;0;9;1:46.546;0;;55.550;0;29.333;2;21.663;2;193.6;16:40.413;16:11:40.413;0:55.550;0:29.333;0:21.663;283.7;Miguel Molina;;GTD;;Risi Competizione;Ferrari;
85;0;1;52:25.797;0;;51:33.840;0;30.835;0;21.122;0;6.6;52:25.797;16:47:25.797;51:33.840;0:30.835;0:21.122;299.2;Simon Trummer;0:50:34.587;P;;JDC-Miller Motorsports;ORECA;
85;0;2;1:46.273;0;;56.751;0;29.249;0;20.273;0;194.1;54:12.070;16:49:12.070;0:56.751;0:29.249;0:20.273;304.8;Simon Trummer;;P;;JDC-Miller Motorsports;ORECA;
85;0;3;1:39.599;0;;52.487;0;26.985;0;20.127;0;207.1;55:51.669;16:50:51.669;0:52.487;0:26.985;0:20.127;304.8;Simon Trummer;;P;;JDC-Miller Motorsports;ORECA;
85;0;4;1:37.932;0;;51.146;0;26.719;0;20.067;0;210.6;57:29.601;16:52:29.601;0:51.146;0:26.719;0:20.067;304.8;Simon Trummer;;P;;JDC-Miller Motorsports;ORECA;
85;0;5;1:37.590;0;;51.055;0;26.549;0;19.986;0;211.3;59:07.191;16:54:07.191;0:51.055;0:26.549;0:19.986;306.9;Simon Trummer;;P;;JDC-Miller Motorsports;ORECA;
85;0;6;1:37.437;0;;50.974;0;26.485;0;19.978;0;211.7;1:00:44.628;16:55:44.628;0:50.974;0:26.485;0:19.978;306.2;Simon Trummer;;P;;JDC-Miller Motorsports;ORECA;
85;0;7;1:37.106;0;;50.695;0;26.433;0;19.978;0;212.4;1:02:21.734;16:57:21.734;0:50.695;0:26.433;0:19.978;306.9;Simon Trummer;;P;;JDC-Miller Motorsports;ORECA;
85;0;8;1:37.022;0;;50.676;2;26.371;0;19.975;0;212.6;1:03:58.756;16:58:58.756;0:50.676;0:26.371;0:19.975;306.9;Simon Trummer;;P;;JDC-Miller Motorsports;ORECA;
85;0;9;1:37.005;2;;50.716;0;26.355;2;19.934;2;212.6;1:05:35.761;17:00:35.761;0:50.716;0:26.355;0:19.934;306.9;Simon Trummer;;P;;JDC-Miller Motorsports;ORECA;
86;1;1;2:38.020;0;;1:44.101;0;31.424;0;22.495;0;130.5;2:38.020;15:57:38.020;1:44.101;0:31.424;0:22.495;274.3;Alvaro Parente;0:00:47.744;GTD;;Michael Shank Racing w/ Curb-Agajanian;Acura;
86;1;2;1:54.282;0;;1:00.447;0;31.494;0;22.341;0;180.5;4:32.302;15:59:32.302;1:00.447;0:31.494;0:22.341;274.3;Alvaro Parente;;GTD;;Michael Shank Racing w/ Curb-Agajanian;Acura;
86;1;3;1:49.001;0;;56.623;0;30.114;0;22.264;0;189.2;6:21.303;16:01:21.303;0:56.623;0:30.114;0:22.264;277.2;Alvaro Parente;;GTD;;Michael Shank Racing w/ Curb-Agajanian;Acura;
86;1;4;1:47.751;0;;55.589;0;29.980;0;22.182;0;191.4;8:09.054;16:03:09.054;0:55.589;0:29.980;0:22.182;276.6;Alvaro Parente;;GTD;;Michael Shank Racing w/ Curb-Agajanian;Acura;
86;1;5;1:47.484;0;;55.478;0;29.838;0;22.168;0;191.9;9:56.538;16:04:56.538;0:55.478;0:29.838;0:22.168;277.2;Alvaro Parente;;GTD;;Michael Shank Racing w/ Curb-Agajanian;Acura;
86;1;6;1:47.251;2;;55.443;2;29.690;2;22.118;0;192.3;11:43.789;16:06:43.789;0:55.443;0:29.690;0:22.118;277.2;Alvaro Parente;;GTD;;Michael Shank Racing w/ Curb-Agajanian;Acura;
86;1;7;1:47.612;0;;55.630;0;29.882;0;22.100;2;191.7;13:31.401;16:08:31.401;0:55.630;0:29.882;0:22.100;277.7;Alvaro Parente;;GTD;;Michael Shank Racing w/ Curb-Agajanian;Acura;
86;1;8;1:47.500;0;;55.566;0;29.794;0;22.140;0;191.9;15:18.901;16:10:18.901;0:55.566;0:29.794;0:22.140;276.0;Alvaro Parente;;GTD;;Michael Shank Racing w/ Curb-Agajanian;Acura;
90;1;1;53:45.831;0;;52:52.652;0;32.834;0;20.345;0;6.4;53:45.831;16:48:45.831;52:52.652;0:32.834;0:20.345;302.0;Tristan Vautier;0:52:00.703;P;;Spirit of Daytona Racing;Cadillac;
90;1;2;1:40.443;0;;53.259;0;27.072;0;20.112;0;205.3;55:26.274;16:50:26.274;0:53.259;0:27.072;0:20.112;305.5;Tristan Vautier;;P;;Spirit of Daytona Racing;Cadillac;
90;1;3;1:38.154;0;;51.368;0;26.791;0;19.995;0;210.1;57:04.428;16:52:04.428;0:51.368;0:26.791;0:19.995;308.3;Tristan Vautier;;P;;Spirit of Daytona Racing;Cadillac;
90;1;4;1:37.569;0;;51.241;0;26.407;0;19.921;0;211.4;58:41.997;16:53:41.997;0:51.241;0:26.407;0:19.921;308.3;Tristan Vautier;;P;;Spirit of Daytona Racing;Cadillac;
90;1;5;1:36.545;0;;50.280;2;26.418;0;19.847;0;213.6;1:00:18.542;16:55:18.542;0:50.280;0:26.418;0:19.847;307.6;Tristan Vautier;;P;;Spirit of Daytona Racing;Cadillac;
90;1;6;1:36.472;2;;50.282;0;26.358;2;19.832;2;213.8;1:01:55.014;16:56:55.014;0:50.282;0:26.358;0:19.832;309.0;Tristan Vautier;;P;;Spirit of Daytona Racing;Cadillac;
90;1;7;1:44.868;0;;58.212;0;26.809;0;19.847;0;196.7;1:03:39.882;16:58:39.882;0:58.212;0:26.809;0:19.847;308.3;Tristan Vautier;;P;;Spirit of Daytona Racing;Cadillac;
90;1;8;1:36.709;0;;50.503;0;26.370;0;19.836;0;213.3;1:05:16.591;17:00:16.591;0:50.503;0:26.370;0:19.836;308.3;Tristan Vautier;;P;;Spirit of Daytona Racing;Cadillac;
911;0;1;27:51.172;0;;26:58.143;0;30.854;0;22.175;0;12.3;27:51.172;16:22:51.172;26:58.143;0:30.854;0:22.175;281.9;Patrick Pilet;0:26:06.750;GTLM;;Porsche GT Team;Porsche;
911;0;2;1:46.303;0;;55.322;0;29.185;0;21.796;0;194.0;29:37.475;16:24:37.475;0:55.322;0:29.185;0:21.796;284.3;Patrick Pilet;;GTLM;;Porsche GT Team;Porsche;
911;0;3;1:43.497;0;;53.247;0;28.673;0;21.577;2;199.3;31:20.972;16:26:20.972;0:53.247;0:28.673;0:21.577;286.8;Patrick Pilet;;GTLM;;Porsche GT Team;Porsche;
911;0;4;1:43.137;0;;52.814;0;28.669;0;21.654;0;200.0;33:04.109;16:28:04.109;0:52.814;0:28.669;0:21.654;286.2;Patrick Pilet;;GTLM;;Porsche GT Team;Porsche;
911;0;5;1:43.062;2;;52.793;2;28.580;2;21.689;0;200.1;34:47.171;16:29:47.171;0:52.793;0:28.580;0:21.689;285.6;Patrick Pilet;;GTLM;;Porsche GT Team;Porsche;
911;0;6;1:51.288;0;;57.773;0;31.889;0;21.626;0;185.3;36:38.459;16:31:38.459;0:57.773;0:31.889;0:21.626;285.0;Patrick Pilet;;GTLM;;Porsche GT Team;Porsche;
912;0;1;28:35.773;0;;27:43.580;0;30.196;0;21.997;0;12.0;28:35.773;16:23:35.773;27:43.580;0:30.196;0:21.997;278.9;Laurens Vanthoor;0:26:57.138;GTLM;;Porsche GT Team;Porsche;
912;0;2;1:45.180;0;;54.391;0;29.115;0;21.674;0;196.1;30:20.953;16:25:20.953;0:54.391;0:29.115;0:21.674;285.0;Laurens Vanthoor;;GTLM;;Porsche GT Team;Porsche;
912;0;3;1:43.370;0;;53.181;0;28.564;0;21.625;0;199.5;32:04.323;16:27:04.323;0:53.181;0:28.564;0:21.625;285.6;Laurens Vanthoor;;GTLM;;Porsche GT Team;Porsche;
912;0;4;1:48.171;0;;58.033;0;28.566;0;21.572;0;190.7;33:52.494;16:28:52.494;0:58.033;0:28.566;0:21.572;287.4;Laurens Vanthoor;;GTLM;;Porsche GT Team;Porsche;
912;0;5;1:43.210;0;;53.162;0;28.529;0;21.519;2;199.8;35:35.704;16:30:35.704;0:53.162;0:28.529;0:21.519;286.2;Laurens Vanthoor;;GTLM;;Porsche GT Team;Porsche;
912;0;6;1:42.927;2;;52.916;2;28.469;2;21.542;0;200.4;37:18.631;16:32:18.631;0:52.916;0:28.469;0:21.542;285.6;Laurens Vanthoor;;GTLM;;Porsche GT Team;Porsche;
912;0;7;1:44.436;0;;54.181;0;28.655;0;21.600;0;197.5;39:03.067;16:34:03.067;0:54.181;0:28.655;0:21.600;285.6;Laurens Vanthoor;;GTLM;;Porsche GT Team;Porsche;
93;3;1;2:38.726;0;;1:44.807;0;31.483;0;22.436;0;129.9;2:38.726;15:57:38.726;1:44.807;0:31.483;0:22.436;277.2;Côme Ledogar;0:00:48.493;GTD;;Michael Shank Racing w/ Curb-Agajanian;Acura;
93;3;2;1:55.223;0;;1:00.831;0;32.067;0;22.325;0;179.0;4:33.949;15:59:33.949;1:00.831;0:32.067;0:22.325;276.6;Côme Ledogar;;GTD;;Michael Shank Racing w/ Curb-Agajanian;Acura;
93;3;3;1:49.017;0;;56.579;0;30.239;0;22.199;2;189.2;6:22.966;16:01:22.966;0:56.579;0:30.239;0:22.199;280.1;Côme Ledogar;;GTD;;Michael Shank Racing w/ Curb-Agajanian;Acura;
93;3;4;1:50.018;0;;57.391;0;30.273;0;22.354;0;187.5;8:12.984;16:03:12.984;0:57.391;0:30.273;0:22.354;274.8;Côme Ledogar;;GTD;;Michael Shank Racing w/ Curb-Agajanian;Acura;
93;3;5;1:48.819;0;;56.252;0;30.164;0;22.403;0;189.5;10:01.803;16:05:01.803;0:56.252;0:30.164;0:22.403;273.1;Côme Ledogar;;GTD;;Michael Shank Racing w/ Curb-Agajanian;Acura;
93;3;6;1:48.547;0;;56.072;0;30.067;0;22.408;0;190.0;11:50.350;16:06:50.350;0:56.072;0:30.067;0:22.408;273.1;Côme Ledogar;;GTD;;Michael Shank Racing w/ Curb-Agajanian;Acura;
93;3;7;1:48.239;2;;55.948;2;29.972;2;22.319;0;190.5;13:38.589;16:08:38.589;0:55.948;0:29.972;0:22.319;274.3;Côme Ledogar;;GTD;;Michael Shank Racing w/ Curb-Agajanian;Acura;
93;3;8;1:48.727;0;;56.130;0;30.191;0;22.406;0;189.7;15:27.316;16:10:27.316;0:56.130;0:30.191;0:22.406;275.4;Côme Ledogar;;GTD;;Michael Shank Racing w/ Curb-Agajanian;Acura;
96;4;1;2:19.341;0;;1:21.056;0;35.781;0;22.504;0;148.0;2:19.341;15:57:19.341;1:21.056;0:35.781;0:22.504;276.6;Cameron Lawrence;0:00:25.882;GTD;;Turner Motorsport;BMW;
96;4;2;1:52.565;0;;59.999;0;30.568;0;21.998;0;183.2;4:11.906;15:59:11.906;0:59.999;0:30.568;0:21.998;282.5;Cameron Lawrence;;GTD;;Turner Motorsport;BMW;
96;4;3;1:48.691;0;;56.976;0;29.860;0;21.855;0;189.8;6:00.597;16:01:00.597;0:56.976;0:29.860;0:21.855;283.7;Cameron Lawrence;;GTD;;Turner Motorsport;BMW;
96;4;4;1:48.534;0;;56.662;0;29.925;0;21.947;0;190.0;7:49.131;16:02:49.131;0:56.662;0:29.925;0:21.947;282.5;Cameron Lawrence;;GTD;;Turner Motorsport;BMW;
96;4;5;1:48.007;0;;56.371;0;29.740;0;21.896;0;191.0;9:37.138;16:04:37.138;0:56.371;0:29.740;0:21.896;281.9;Cameron Lawrence;;GTD;;Turner Motorsport;BMW;
96;4;6;1:47.674;0;;56.078;0;29.691;0;21.905;0;191.5;11:24.812;16:06:24.812;0:56.078;0:29.691;0:21.905;281.9;Cameron Lawrence;;GTD;;Turner Motorsport;BMW;
96;4;7;1:47.624;0;;56.143;0;29.662;0;21.819;0;191.6;13:12.436;16:08:12.436;0:56.143;0:29.662;0:21.819;283.7;Cameron Lawrence;;GTD;;Turner Motorsport;BMW;
96;4;8;1:47.348;2;;55.927;2;29.621;2;21.800;2;192.1;14:59.784;16:09:59.784;0:55.927;0:29.621;0:21.800;283.7;Cameron Lawrence;;GTD;;Turner Motorsport;BMW;
96;4;9;2:02.745;0;B;56.244;0;29.836;0;36.665;0;168.0;17:02.529;16:12:02.529;0:56.244;0:29.836;0:36.665;;Cameron Lawrence;;GTD;;Turner Motorsport;BMW;
96;4;10;4:10.495;0;B;;0;;0;;0;82.3;21:13.024;16:16:13.024;;;;;Cameron Lawrence;;GTD;;Turner Motorsport;BMW;
99;1;1;52:07.856;0;;51:18.066;0;29.225;0;20.565;0;6.6;52:07.856;16:47:07.856;51:18.066;0:29.225;0:20.565;300.6;Stephen Simpson;0:50:26.693;P;;JDC-Miller Motorsports;ORECA;
99;1;2;1:44.144;0;;55.915;0;27.930;0;20.299;0;198.0;53:52.000;16:48:52.000;0:55.915;0:27.930;0:20.299;303.3;Stephen Simpson;;P;;JDC-Miller Motorsports;ORECA;
99;1;3;1:39.162;0;;51.919;0;27.049;0;20.194;0;208.0;55:31.162;16:50:31.162;0:51.919;0:27.049;0:20.194;304.8;Stephen Simpson;;P;;JDC-Miller Motorsports;ORECA;
99;1;4;1:38.465;0;;51.468;0;26.922;0;20.075;0;209.5;57:09.627;16:52:09.627;0:51.468;0:26.922;0:20.075;305.5;Stephen Simpson;;P;;JDC-Miller Motorsports;ORECA;
99;1;5;1:37.591;0;;50.892;0;26.658;0;20.041;0;211.3;58:47.218;16:53:47.218;0:50.892;0:26.658;0:20.041;305.5;Stephen Simpson;;P;;JDC-Miller Motorsports;ORECA;
99;1;6;1:38.945;0;;51.365;0;27.521;0;20.059;0;208.4;1:00:26.163;16:55:26.163;0:51.365;0:27.521;0:20.059;306.2;Stephen Simpson;;P;;JDC-Miller Motorsports;ORECA;
99;1;7;1:37.509;0;;51.055;0;26.494;0;19.960;0;211.5;1:02:03.672;16:57:03.672;0:51.055;0:26.494;0:19.960;306.2;Stephen Simpson;;P;;JDC-Miller Motorsports;ORECA;
99;1;8;1:37.124;2;;50.794;2;26.396;2;19.934;0;212.4;1:03:40.796;16:58:40.796;0:50.794;0:26.396;0:19.934;306.9;Stephen Simpson;;P;;JDC-Miller Motorsports;ORECA;
99;1;9;1:37.456;0;;50.985;0;26.541;0;19.930;2;211.6;1:05:18.252;17:00:18.252;0:50.985;0:26.541;0:19.930;308.3;Stephen Simpson;;P;;JDC-Miller Motorsports;ORECA;
