NUMBER; DRIVER_NUMBER; LAP_NUMBER; LAP_TIME; LAP_IMPROVEMENT; CROSSING_FINISH_LINE_IN_PIT; S1; S1_IMPROVEMENT; S2; S2_IMPROVEMENT; S3; S3_IMPROVEMENT; KPH; ELAPSED; HOUR;S1_LARGE;S2_LARGE;S3_LARGE;TOP_SPEED;DRIVER_NAME;PIT_TIME;CLASS;GROUP;TEAM;MANUFACTURER;FLAG_AT_FL;S1_SECONDS;S2_SECONDS;S3_SECONDS;
16;2;1;4:18.150;0;;56.367;0;1:31.864;0;1:49.919;0;188.0;4:18.150;20:46:18.150;0:56.367;1:31.864;1:49.919;247.6;Ryan CULLEN;0:00:17.959;LMP2;P/A;RLR M Sport;Oreca;GF;56.367;91.864;109.919;
16;2;2;3:40.153;0;;35.083;0;1:24.750;0;1:40.320;0;222.8;7:58.303;20:49:58.303;0:35.083;1:24.750;1:40.320;311.8;Ryan CULLEN;;LMP2;P/A;RLR M Sport;Oreca;GF;35.083;84.750;100.320;
16;2;3;3:39.214;0;;34.605;0;1:24.355;2;1:40.254;0;223.8;11:37.517;20:53:37.517;0:34.605;1:24.355;1:40.254;312.7;Ryan CULLEN;;LMP2;P/A;RLR M Sport;Oreca;GF;34.605;84.355;100.254;
16;2;4;3:38.922;2;;34.474;2;1:24.477;0;1:39.971;2;224.1;15:16.439;20:57:16.439;0:34.474;1:24.477;1:39.971;311.8;Ryan CULLEN;;LMP2;P/A;RLR M Sport;Oreca;FF;34.474;84.477;99.971;
183;2;1;4:10.773;0;;42.460;0;1:36.832;0;1:51.481;0;193.5;4:10.773;20:46:10.773;0:42.460;1:36.832;1:51.481;220.3;Matthieu VAXIVIERE;0:00:06.273;LMP2;P/A;AF Corse;Oreca;GF;42.460;96.832;111.481;
183;2;2;3:37.835;0;;34.541;0;1:23.969;0;1:39.325;0;225.2;7:48.608;20:49:48.608;0:34.541;1:23.969;1:39.325;314.5;Matthieu VAXIVIERE;;LMP2;P/A;AF Corse;Oreca;GF;34.541;83.969;99.325;
183;2;3;3:37.167;0;;34.142;0;1:24.053;0;1:38.972;2;225.9;11:25.775;20:53:25.775;0:34.142;1:24.053;1:38.972;313.6;Matthieu VAXIVIERE;;LMP2;P/A;AF Corse;Oreca;GF;34.142;84.053;98.972;
183;2;4;3:36.993;2;;34.035;2;1:23.872;2;1:39.086;0;226.1;15:02.768;20:57:02.768;0:34.035;1:23.872;1:39.086;313.6;Matthieu VAXIVIERE;;LMP2;P/A;AF Corse;Oreca;FF;34.035;83.872;99.086;
199;3;1;4:08.883;0;;47.516;0;1:33.135;0;1:48.232;0;195.0;4:08.883;20:46:08.883;0:47.516;1:33.135;1:48.232;251.0;Louis DELETRAZ;0:00:10.030;LMP2;P/A;AO by TF;Oreca;GF;47.516;93.135;108.232;
199;3;2;3:36.442;0;;34.238;0;1:23.547;0;1:38.657;0;226.6;7:45.325;20:49:45.325;0:34.238;1:23.547;1:38.657;313.6;Louis DELETRAZ;;LMP2;P/A;AO by TF;Oreca;GF;34.238;83.547;98.657;
199;3;3;3:35.505;0;;33.724;2;1:23.607;0;1:38.174;2;227.6;11:20.830;20:53:20.830;0:33.724;1:23.607;1:38.174;312.7;Louis DELETRAZ;;LMP2;P/A;AO by TF;Oreca;GF;33.724;83.607;98.174;
199;3;4;3:36.751;0;;33.850;0;1:23.369;0;1:39.532;0;226.3;14:57.581;20:56:57.581;0:33.850;1:23.369;1:39.532;312.7;Louis DELETRAZ;;LMP2;P/A;AO by TF;Oreca;GF;33.850;83.369;99.532;
199;3;5;3:35.421;2;;33.799;0;1:23.366;2;1:38.256;0;227.7;18:33.002;21:00:33.002;0:33.799;1:23.366;1:38.256;310.9;Louis DELETRAZ;;LMP2;P/A;AO by TF;Oreca;FF;33.799;83.366;98.256;
21;3;1;4:38.100;0;;45.788;0;1:58.540;0;1:53.772;0;174.5;4:38.100;20:46:38.100;0:45.788;1:58.540;1:53.772;213.4;Alessio ROVERA;0:00:07.042;LMGT3;;Vista AF Corse;Ferrari;GF;45.788;118.540;113.772;
21;3;2;3:53.294;0;;36.565;0;1:29.952;0;1:46.777;2;210.3;8:31.394;20:50:31.394;0:36.565;1:29.952;1:46.777;290.8;Alessio ROVERA;;LMGT3;;Vista AF Corse;Ferrari;GF;36.565;89.952;106.777;
21;3;3;3:53.085;2;;36.523;2;1:29.626;2;1:46.936;0;210.5;12:24.479;20:54:24.479;0:36.523;1:29.626;1:46.936;292.4;Alessio ROVERA;;LMGT3;;Vista AF Corse;Ferrari;GF;36.523;89.626;106.936;
21;3;4;4:24.998;0;B;42.387;0;1:37.846;0;2:04.765;0;185.1;16:49.477;20:58:49.477;0:42.387;1:37.846;2:04.765;273.2;Alessio ROVERA;;LMGT3;;Vista AF Corse;Ferrari;FF;42.387;97.846;124.765;
22;2;1;4:12.923;0;;54.124;0;1:30.960;0;1:47.839;0;191.9;4:12.923;20:46:12.923;0:54.124;1:30.960;1:47.839;251.0;Pietro FITTIPALDI;0:00:15.353;LMP2;;United Autosports;Oreca;GF;54.124;90.960;107.839;
22;2;2;3:39.032;0;;34.743;0;1:24.566;0;1:39.723;0;224.0;7:51.955;20:49:51.955;0:34.743;1:24.566;1:39.723;314.5;Pietro FITTIPALDI;;LMP2;;United Autosports;Oreca;GF;34.743;84.566;99.723;
22;2;3;3:36.072;0;;33.938;0;1:23.697;0;1:38.437;0;227.0;11:28.027;20:53:28.027;0:33.938;1:23.697;1:38.437;314.5;Pietro FITTIPALDI;;LMP2;;United Autosports;Oreca;GF;33.938;83.697;98.437;
22;2;4;3:35.615;2;;33.885;2;1:23.388;2;1:38.342;2;227.5;15:03.642;20:57:03.642;0:33.885;1:23.388;1:38.342;315.4;Pietro FITTIPALDI;;LMP2;;United Autosports;Oreca;FF;33.885;83.388;98.342;
23;3;1;4:06.256;0;;53.349;0;1:30.132;0;1:42.775;0;197.1;4:06.256;20:46:06.256;0:53.349;1:30.132;1:42.775;261.9;Benjamin HANLEY;0:00:16.242;LMP2;P/A;United Autosports;Oreca;GF;53.349;90.132;102.775;
23;3;2;3:36.911;0;;34.450;0;1:23.971;0;1:38.490;0;226.1;7:43.167;20:49:43.167;0:34.450;1:23.971;1:38.490;312.7;Benjamin HANLEY;;LMP2;P/A;United Autosports;Oreca;GF;34.450;83.971;98.490;
23;3;3;3:35.459;2;;33.643;3;1:23.566;0;1:38.250;2;227.7;11:18.626;20:53:18.626;0:33.643;1:23.566;1:38.250;313.6;Benjamin HANLEY;;LMP2;P/A;United Autosports;Oreca;GF;33.643;83.566;98.250;
23;3;4;3:35.549;0;;33.737;0;1:23.389;2;1:38.423;0;227.6;14:54.175;20:56:54.175;0:33.737;1:23.389;1:38.423;313.6;Benjamin HANLEY;;LMP2;P/A;United Autosports;Oreca;GF;33.737;83.389;98.423;
27;2;1;4:50.952;0;;1:04.107;0;1:41.283;0;2:05.562;0;166.8;4:50.952;20:46:50.952;1:04.107;1:41.283;2:05.562;263.9;Mattia DRUDI;0:00:24.234;LMGT3;;Heart of Racing Team;Aston Martin;GF;64.107;101.283;125.562;
27;2;2;3:53.318;0;;36.499;0;1:30.038;0;1:46.781;0;210.2;8:44.270;20:50:44.270;0:36.499;1:30.038;1:46.781;287.7;Mattia DRUDI;;LMGT3;;Heart of Racing Team;Aston Martin;GF;36.499;90.038;106.781;
27;2;3;3:52.789;2;;36.376;2;1:29.893;2;1:46.520;2;210.7;12:37.059;20:54:37.059;0:36.376;1:29.893;1:46.520;290.0;Mattia DRUDI;;LMGT3;;Heart of Racing Team;Aston Martin;GF;36.376;89.893;106.520;
27;2;4;4:47.589;0;B;36.727;0;1:36.006;0;2:34.856;0;170.6;17:24.648;20:59:24.648;0:36.727;1:36.006;2:34.856;283.2;Mattia DRUDI;;LMGT3;;Heart of Racing Team;Aston Martin;FF;36.727;96.006;154.856;
29;2;1;4:16.890;0;;58.727;0;1:28.151;0;1:50.012;0;188.9;4:16.890;20:46:16.890;0:58.727;1:28.151;1:50.012;306.5;Mathias BECHE;0:00:21.688;LMP2;P/A;TDS Racing;Oreca;GF;58.727;88.151;110.012;
29;2;2;3:40.240;0;;34.001;0;1:23.216;0;1:43.023;0;222.7;7:57.130;20:49:57.130;0:34.001;1:23.216;1:43.023;315.4;Mathias BECHE;;LMP2;P/A;TDS Racing;Oreca;GF;34.001;83.216;103.023;
29;2;3;3:35.481;0;;33.782;0;1:23.370;0;1:38.329;0;227.6;11:32.611;20:53:32.611;0:33.782;1:23.370;1:38.329;315.4;Mathias BECHE;;LMP2;P/A;TDS Racing;Oreca;GF;33.782;83.370;98.329;
29;2;4;3:35.062;3;;33.760;2;1:23.126;3;1:38.176;2;228.1;15:07.673;20:57:07.673;0:33.760;1:23.126;1:38.176;316.3;Mathias BECHE;;LMP2;P/A;TDS Racing;Oreca;FF;33.760;83.126;98.176;
37;2;1;4:25.598;0;;1:00.215;0;1:31.347;0;1:54.036;0;182.7;4:25.598;20:46:25.598;1:00.215;1:31.347;1:54.036;291.6;Tom BLOMQVIST;0:00:20.860;LMP2;;CLX - Pure Rxcing;Oreca;GF;60.215;91.347;114.036;
37;2;2;3:44.036;0;;34.398;0;1:24.813;0;1:44.825;0;219.0;8:09.634;20:50:09.634;0:34.398;1:24.813;1:44.825;312.7;Tom BLOMQVIST;;LMP2;;CLX - Pure Rxcing;Oreca;GF;34.398;84.813;104.825;
37;2;3;3:36.184;2;;33.725;2;1:24.004;2;1:38.455;2;226.9;11:45.818;20:53:45.818;0:33.725;1:24.004;1:38.455;313.6;Tom BLOMQVIST;;LMP2;;CLX - Pure Rxcing;Oreca;GF;33.725;84.004;98.455;
37;2;4;3:52.984;0;B;35.080;0;1:26.809;0;1:51.095;0;210.5;15:38.802;20:57:38.802;0:35.080;1:26.809;1:51.095;303.9;Tom BLOMQVIST;;LMP2;;CLX - Pure Rxcing;Oreca;FF;35.080;86.809;111.095;
43;2;1;6:00.637;0;;2:45.245;0;1:32.218;0;1:43.174;0;134.6;6:00.637;20:48:00.637;2:45.245;1:32.218;1:43.174;252.2;Tom DILLMANN;0:02:06.437;LMP2;;Inter Europol Competition;Oreca;GF;165.245;92.218;103.174;
43;2;2;3:46.372;0;;33.933;0;1:24.382;0;1:48.057;0;216.7;9:47.009;20:51:47.009;0:33.933;1:24.382;1:48.057;315.4;Tom DILLMANN;;LMP2;;Inter Europol Competition;Oreca;GF;33.933;84.382;108.057;
43;2;3;3:35.333;2;;33.871;2;1:23.370;2;1:38.092;3;227.8;13:22.342;20:55:22.342;0:33.871;1:23.370;1:38.092;317.2;Tom DILLMANN;;LMP2;;Inter Europol Competition;Oreca;GF;33.871;83.370;98.092;
43;2;4;3:52.117;0;B;33.903;0;1:23.658;0;1:54.556;0;211.3;17:14.459;20:59:14.459;0:33.903;1:23.658;1:54.556;317.2;Tom DILLMANN;;LMP2;;Inter Europol Competition;Oreca;FF;33.903;83.658;114.556;
46;2;1;4:32.994;0;;41.827;0;2:00.359;0;1:50.808;0;177.8;4:32.994;20:46:32.994;0:41.827;2:00.359;1:50.808;215.1;Valentino ROSSI;0:00:04.431;LMGT3;;Team WRT;BMW;GF;41.827;120.359;110.808;
46;2;2;3:54.966;2;;36.707;2;1:30.709;2;1:47.550;2;208.8;8:27.960;20:50:27.960;0:36.707;1:30.709;1:47.550;290.8;Valentino ROSSI;;LMGT3;;Team WRT;BMW;GF;36.707;90.709;107.550;
46;2;3;3:55.226;0;;36.775;0;1:30.731;0;1:47.720;0;208.5;12:23.186;20:54:23.186;0:36.775;1:30.731;1:47.720;291.6;Valentino ROSSI;;LMGT3;;Team WRT;BMW;GF;36.775;90.731;107.720;
46;2;4;4:02.267;0;B;36.908;0;1:31.005;0;1:54.354;0;202.5;16:25.453;20:58:25.453;0:36.908;1:31.005;1:54.354;288.5;Valentino ROSSI;;LMGT3;;Team WRT;BMW;FF;36.908;91.005;114.354;
61;3;1;4:32.047;0;;46.311;0;1:56.467;0;1:49.269;0;178.4;4:32.047;20:46:32.047;0:46.311;1:56.467;1:49.269;196.7;Maxime MARTIN;0:00:08.597;LMGT3;;Iron Lynx;Mercedes;GF;46.311;116.467;109.269;
61;3;2;3:55.345;0;;36.781;0;1:31.153;0;1:47.411;0;208.4;8:27.392;20:50:27.392;0:36.781;1:31.153;1:47.411;283.9;Maxime MARTIN;;LMGT3;;Iron Lynx;Mercedes;GF;36.781;91.153;107.411;
61;3;3;3:54.998;2;;36.545;2;1:31.101;2;1:47.352;2;208.7;12:22.390;20:54:22.390;0:36.545;1:31.101;1:47.352;285.4;Maxime MARTIN;;LMGT3;;Iron Lynx;Mercedes;GF;36.545;91.101;107.352;
61;3;4;4:17.122;0;B;36.722;0;1:35.209;0;2:05.191;0;190.8;16:39.512;20:58:39.512;0:36.722;1:35.209;2:05.191;230.2;Maxime MARTIN;;LMGT3;;Iron Lynx;Mercedes;FF;36.722;95.209;125.191;
78;2;1;4:53.562;0;;1:06.504;0;1:42.848;0;2:04.210;0;165.3;4:53.562;20:46:53.562;1:06.504;1:42.848;2:04.210;279.5;Jack HAWKSWORTH;0:00:27.544;LMGT3;;Akkodis ASP Team;Lexus;GF;66.504;102.848;124.210;
78;2;2;4:03.660;2;;37.097;0;1:34.325;0;1:52.238;2;201.3;8:57.222;20:50:57.222;0:37.097;1:34.325;1:52.238;268.4;Jack HAWKSWORTH;;LMGT3;;Akkodis ASP Team;Lexus;GF;37.097;94.325;112.238;
78;2;3;3:55.742;0;;36.600;2;1:30.976;2;1:48.166;0;208.1;12:52.964;20:54:52.964;0:36.600;1:30.976;1:48.166;285.4;Jack HAWKSWORTH;;LMGT3;;Akkodis ASP Team;Lexus;GF;36.600;90.976;108.166;
78;2;4;4:05.271;0;B;38.224;0;1:31.262;0;1:55.785;0;200.0;16:58.235;20:58:58.235;0:38.224;1:31.262;1:55.785;285.4;Jack HAWKSWORTH;;LMGT3;;Akkodis ASP Team;Lexus;FF;38.224;91.262;115.785;
81;2;1;4:39.555;0;;49.277;0;1:55.567;0;1:54.711;0;173.6;4:39.555;20:46:39.555;0:49.277;1:55.567;1:54.711;197.8;Rui ANDRADE;0:00:11.134;LMGT3;;TF Sport;Corvette;GF;49.277;115.567;114.711;
81;2;2;3:56.134;0;;36.849;0;1:31.313;0;1:47.972;0;207.7;8:35.689;20:50:35.689;0:36.849;1:31.313;1:47.972;286.9;Rui ANDRADE;;LMGT3;;TF Sport;Corvette;GF;36.849;91.313;107.972;
81;2;3;3:56.224;0;;36.970;0;1:31.093;2;1:48.161;0;207.7;12:31.913;20:54:31.913;0:36.970;1:31.093;1:48.161;285.4;Rui ANDRADE;;LMGT3;;TF Sport;Corvette;GF;36.970;91.093;108.161;
81;2;4;3:55.740;2;;36.824;2;1:31.152;0;1:47.764;2;208.1;16:27.653;20:58:27.653;0:36.824;1:31.152;1:47.764;286.2;Rui ANDRADE;;LMGT3;;TF Sport;Corvette;FF;36.824;91.152;107.764;
92;3;1;4:29.093;0;;59.729;0;1:39.332;0;1:50.032;0;180.4;4:29.093;20:46:29.093;0:59.729;1:39.332;1:50.032;276.7;Richard LIETZ;0:00:19.206;LMGT3;;Manthey 1ST Phorm;Porsche;GF;59.729;99.332;110.032;
92;3;2;3:55.329;0;;36.528;0;1:31.152;2;1:47.649;0;208.4;8:24.422;20:50:24.422;0:36.528;1:31.152;1:47.649;286.9;Richard LIETZ;;LMGT3;;Manthey 1ST Phorm;Porsche;GF;36.528;91.152;107.649;
92;3;3;3:55.140;2;;36.420;2;1:31.345;0;1:47.375;2;208.6;12:19.562;20:54:19.562;0:36.420;1:31.345;1:47.375;286.2;Richard LIETZ;;LMGT3;;Manthey 1ST Phorm;Porsche;GF;36.420;91.345;107.375;
92;3;4;3:55.698;0;;36.777;0;1:31.103;0;1:47.818;0;208.1;16:15.260;20:58:15.260;0:36.777;1:31.103;1:47.818;286.9;Richard LIETZ;;LMGT3;;Manthey 1ST Phorm;Porsche;FF;36.777;91.103;107.818;
95;3;1;5:00.017;0;;59.321;0;1:44.164;0;2:16.532;0;161.8;5:00.017;20:47:00.017;0:59.321;1:44.164;2:16.532;261.3;Marino SATO;0:00:14.543;LMGT3;;United Autosports;McLaren;GF;59.321;104.164;136.532;
95;3;2;4:09.485;0;;37.162;0;1:40.667;0;1:51.656;0;196.6;9:09.502;20:51:09.502;0:37.162;1:40.667;1:51.656;231.2;Marino SATO;;LMGT3;;United Autosports;McLaren;GF;37.162;100.667;111.656;
95;3;3;3:56.267;0;;36.873;2;1:31.255;0;1:48.139;0;207.6;13:05.769;20:55:05.769;0:36.873;1:31.255;1:48.139;289.3;Marino SATO;;LMGT3;;United Autosports;McLaren;GF;36.873;91.255;108.139;
95;3;4;3:55.965;2;;37.077;0;1:30.944;2;1:47.944;2;207.9;17:01.734;20:59:01.734;0:37.077;1:30.944;1:47.944;290.0;Marino SATO;;LMGT3;;United Autosports;McLaren;FF;37.077;90.944;107.944;
